group,response,pct_per_decade,p_reefclust,paired_pct,paired_lo,paired_hi,paired_p,n_reefs
Whole community,biomass,-23.3999447539628,9.93213064958644e-08,-16.6005365233327,-28.090025068621,-3.27530339381548,0.0183991152344343,26
Whole community,production,-11.7450866143335,0.00236083031347233,-1.88396574737356,-13.895295703217,11.8029061952453,0.766685608954238,26
Whole community,turnover,13.3082801396594,4.12619411175081e-08,10.1711994880488,4.72841656463634,15.8968462885553,0.000581484033524363,26
Commercial species,biomass,-29.0743936997884,5.36227009790549e-08,-16.2066188931627,-31.1202027792325,1.9359957581107,0.0749782975748211,26
Commercial species,production,-12.2935649340628,0.00281652366802256,4.74716453759347,-9.69641473985431,21.500917677385,0.525577037232146,26
Commercial species,turnover,15.9995488820317,1.82072767132271e-09,15.5880831106264,10.1913223646505,21.2491571067232,1.58165116338544e-06,26
Non-commercial species,biomass,-27.2022825713382,5.27845559330886e-08,-21.6297220838513,-34.7783229230711,-5.83038131003567,0.0113491815969354,26
Non-commercial species,production,-16.3005458648873,0.00014673295682705,-10.1244372345955,-26.567747499303,10.0009397413145,0.286974906194506,26
Non-commercial species,turnover,13.0533170216585,9.28556038927055e-07,12.3720593928318,5.44383082000244,19.755509961904,0.000880713478940955,26
