panel,group,Year,mean,sem,count,ci95
a,Sea stars (Asteroidea),1998,0.382457015669297,0.494104807593209,40,0.96844542288269
a,Sea stars (Asteroidea),1999,1.57709225258511,0.230123488121314,18,0.451042036717774
a,Sea stars (Asteroidea),2000,0.406417108519672,0.194415442952498,128,0.381054268186897
a,Sea stars (Asteroidea),2001,1.02569772514554,0.144268125532449,117,0.2827655260436
a,Sea stars (Asteroidea),2002,1.24732431336989,0.142989566290282,108,0.280259549928954
a,Sea stars (Asteroidea),2003,1.77893054022443,0.186204239037097,93,0.364960308512709
a,Sea stars (Asteroidea),2004,0.550319025089661,0.167413240907193,107,0.328129952178099
a,Sea stars (Asteroidea),2005,0.225013896909071,0.194711729967711,146,0.381634990736713
a,Sea stars (Asteroidea),2006,0.346338808578558,0.212825200158893,116,0.41713739231143
a,Sea stars (Asteroidea),2007,0.854189963069227,0.237348504762956,120,0.465203069335393
a,Sea stars (Asteroidea),2008,0.932590251946889,0.14938889001611,96,0.292802224431575
a,Sea stars (Asteroidea),2009,1.04657767381259,0.131342341415318,192,0.257430989174022
a,Sea stars (Asteroidea),2010,1.03930967865624,0.173914061859987,135,0.340871561245574
a,Sea stars (Asteroidea),2011,1.03015574250726,0.173055151092417,135,0.339188096141137
a,Sea stars (Asteroidea),2012,0.770156615633505,0.185807562800542,111,0.364182823089062
a,Sea stars (Asteroidea),2013,0.701377927524994,0.147302968336282,149,0.288713817939113
a,Sea stars (Asteroidea),2014,0.888226317934156,0.154622804583838,142,0.303060696984322
a,Sea stars (Asteroidea),2015,-1.21433487734784,0.218676982432304,146,0.428606885567316
a,Sea stars (Asteroidea),2016,-1.46672703687198,0.215396563469621,172,0.422177264400457
a,Sea stars (Asteroidea),2017,-1.20270998721797,0.216013809070711,148,0.423387065778593
a,Sea stars (Asteroidea),2018,-0.637011015608071,0.215649809228244,157,0.422673626087359
a,Sea stars (Asteroidea),2019,-0.842748207523898,0.241661283436852,151,0.473656115536231
a,Sea stars (Asteroidea),2021,-1.27829722665144,0.454476740636013,43,0.890774411646585
a,Sea stars (Asteroidea),2022,-2.16160489536551,0.256741446401016,120,0.503213234945992
a,Sea stars (Asteroidea),2023,-1.57736555876493,0.25645310044179,132,0.502648076865907
a,Sea stars (Asteroidea),2024,-3.93676522734428,0.500787243352008,34,0.981542996969935
a,Sea stars (Asteroidea),2025,-1.85886751385184,0.352453265464764,78,0.690808400310937
a,Sea urchins (Echinoidea),1998,-3.62759474990098,0.611849113307953,40,1.19922426208359
a,Sea urchins (Echinoidea),1999,-0.832929038561021,1.02279230615104,18,2.00467292005604
a,Sea urchins (Echinoidea),2000,0.395155719932627,0.282813157657072,128,0.554313789007861
a,Sea urchins (Echinoidea),2001,0.993949174148878,0.25923413745542,117,0.508098909412623
a,Sea urchins (Echinoidea),2002,1.33376761678334,0.364741589264793,108,0.714893514958994
a,Sea urchins (Echinoidea),2003,0.934942060991312,0.400071853809705,93,0.784140833467022
a,Sea urchins (Echinoidea),2004,-0.411839434356671,0.33758830412153,107,0.661673076078198
a,Sea urchins (Echinoidea),2005,0.180370317868214,0.284478685647317,146,0.55757822386874
a,Sea urchins (Echinoidea),2006,0.844706923136839,0.291278186934291,116,0.57090524639121
a,Sea urchins (Echinoidea),2007,0.594159275904041,0.30627572909173,120,0.60030042901979
a,Sea urchins (Echinoidea),2008,0.368760994094242,0.336615299333593,96,0.659765986693842
a,Sea urchins (Echinoidea),2009,0.482293257762516,0.225591331505024,192,0.442159009749848
a,Sea urchins (Echinoidea),2010,-0.197889590562527,0.284538891544775,135,0.557696227427759
a,Sea urchins (Echinoidea),2011,1.32289086190088,0.25385934601708,135,0.497564318193476
a,Sea urchins (Echinoidea),2012,0.967312693291676,0.264330859932184,111,0.51808848546708
a,Sea urchins (Echinoidea),2013,0.497234016558535,0.260292807302741,149,0.510173902313372
a,Sea urchins (Echinoidea),2014,-0.0809430219591082,0.264772823129212,142,0.518954733333256
a,Sea urchins (Echinoidea),2015,-1.63722864019051,0.292860417365224,146,0.574006418035839
a,Sea urchins (Echinoidea),2016,-1.61715984043214,0.263111933309617,172,0.515699389286849
a,Sea urchins (Echinoidea),2017,-1.04898120075591,0.274739179704133,148,0.5384887922201
a,Sea urchins (Echinoidea),2018,0.320769823028787,0.252440533294486,157,0.494783445257193
a,Sea urchins (Echinoidea),2019,0.0416259563857776,0.277864318051539,151,0.544614063381016
a,Sea urchins (Echinoidea),2021,-0.171010340779264,0.599872707596547,43,1.17575050688923
a,Sea urchins (Echinoidea),2022,-0.531750759973744,0.297229532919857,120,0.58256988452292
a,Sea urchins (Echinoidea),2023,-0.708712704392428,0.284921885566316,132,0.55844689570998
a,Sea urchins (Echinoidea),2024,-0.997354329419614,0.572134474744048,34,1.12138357049833
a,Sea urchins (Echinoidea),2025,-0.317348473977753,0.397807006642283,78,0.779701733018874
a,Hard corals (Scleractinia),1998,-0.623543183491585,0.673370575690839,40,1.31980632835404
a,Hard corals (Scleractinia),1999,0.633418250076542,0.95563538471563,18,1.87304535404263
a,Hard corals (Scleractinia),2000,-3.60352788379323,0.261815324074997,128,0.513158035186994
a,Hard corals (Scleractinia),2001,-2.07926857232527,0.313296715688034,117,0.614061562748547
a,Hard corals (Scleractinia),2002,-3.05528320669431,0.291581840031533,108,0.571500406461805
a,Hard corals (Scleractinia),2003,-2.17830588013154,0.349493458286371,93,0.685007178241286
a,Hard corals (Scleractinia),2004,-2.6933071406875,0.344195121831431,107,0.674622438789604
a,Hard corals (Scleractinia),2005,0.0793997559202369,0.281806504049841,146,0.552340747937688
a,Hard corals (Scleractinia),2006,-1.17943023298468,0.287680750043576,116,0.56385427008541
a,Hard corals (Scleractinia),2007,-0.0193437975842807,0.330538681052739,120,0.647855814863368
a,Hard corals (Scleractinia),2008,1.43586103008014,0.333750980850513,96,0.654151922467006
a,Hard corals (Scleractinia),2009,0.748546200718778,0.234142920700984,192,0.458920124573928
a,Hard corals (Scleractinia),2010,0.464791094167835,0.265713692370936,135,0.520798837047034
a,Hard corals (Scleractinia),2011,0.999172288995814,0.264311187936942,135,0.518049928356406
a,Hard corals (Scleractinia),2012,1.2180929091957,0.277806567072071,111,0.544500871461258
a,Hard corals (Scleractinia),2013,0.463726707181848,0.271623213508711,149,0.532381498477073
a,Hard corals (Scleractinia),2014,-0.405269706430371,0.265174562147996,142,0.519742141810072
a,Hard corals (Scleractinia),2015,1.03972868717966,0.256912638595762,146,0.503548771647693
a,Hard corals (Scleractinia),2016,0.228811031774691,0.268859512707765,172,0.526964644907219
a,Hard corals (Scleractinia),2017,0.971139882481493,0.251065505520043,148,0.492088390819284
a,Hard corals (Scleractinia),2018,0.979491985437673,0.232624049545985,157,0.455943137110131
a,Hard corals (Scleractinia),2019,0.892831214406444,0.2761596411722,151,0.541272896697512
a,Hard corals (Scleractinia),2021,0.957421041589024,0.474620259595787,43,0.930255708807743
a,Hard corals (Scleractinia),2022,0.702699679154105,0.265170810017002,120,0.519734787633324
a,Hard corals (Scleractinia),2023,0.936316159041587,0.252621798261526,132,0.495138724592591
a,Hard corals (Scleractinia),2024,0.702842209665411,0.218125261058241,34,0.427525511674152
a,Hard corals (Scleractinia),2025,1.84520805765874,0.306051402767321,78,0.59986074942395
a,Gorgonians (Holaxonia),1998,-0.671266217714573,0.564462310588859,40,1.10634612875416
a,Gorgonians (Holaxonia),1999,-1.97873705017103,1.0202110434528,18,1.99961364516748
a,Gorgonians (Holaxonia),2000,-0.00481855717803643,0.276720480721614,128,0.542372142214363
a,Gorgonians (Holaxonia),2001,0.738578987637539,0.256968491750962,117,0.503658243831885
a,Gorgonians (Holaxonia),2002,-0.0332095803806414,0.271242266140407,108,0.531634841635197
a,Gorgonians (Holaxonia),2003,0.0784791786805851,0.301973742925924,93,0.591868536134811
a,Gorgonians (Holaxonia),2004,0.470033719759866,0.272209340766703,107,0.533530307902738
a,Gorgonians (Holaxonia),2005,0.243209149036625,0.242231305850265,146,0.474773359466519
a,Gorgonians (Holaxonia),2006,1.10400259635625,0.237366951886949,116,0.465239225698419
a,Gorgonians (Holaxonia),2007,0.846511237792815,0.246008292097281,120,0.48217625251067
a,Gorgonians (Holaxonia),2008,1.54418749480346,0.223808646225429,96,0.43866494660184
a,Gorgonians (Holaxonia),2009,0.450206344211469,0.184553779884293,192,0.361725408573215
a,Gorgonians (Holaxonia),2010,0.432487583172236,0.214221664244716,135,0.419874461919644
a,Gorgonians (Holaxonia),2011,0.98326994518653,0.195857708806219,135,0.383881109260189
a,Gorgonians (Holaxonia),2012,0.10661976897597,0.276589185153631,111,0.542114802901117
a,Gorgonians (Holaxonia),2013,0.0560493835952362,0.240298105563185,149,0.470984286903843
a,Gorgonians (Holaxonia),2014,0.222017699681937,0.201550552625752,142,0.395039083146473
a,Gorgonians (Holaxonia),2015,-0.418121728395477,0.229353391900498,146,0.449532648124977
a,Gorgonians (Holaxonia),2016,-1.28921674791076,0.247753875756896,172,0.485597596483515
a,Gorgonians (Holaxonia),2017,-0.808167746949038,0.227736227690401,148,0.446363006273186
a,Gorgonians (Holaxonia),2018,-0.0645225478418574,0.219345105377608,157,0.429916406540111
a,Gorgonians (Holaxonia),2019,-0.697101376840666,0.244557730582123,151,0.47933315194096
a,Gorgonians (Holaxonia),2021,-0.285640502458735,0.456291650632551,43,0.8943316352398
a,Gorgonians (Holaxonia),2022,-0.908797990284915,0.304925538955715,120,0.597654056353201
a,Gorgonians (Holaxonia),2023,-0.870553172774077,0.276001950901588,132,0.540963823767113
a,Gorgonians (Holaxonia),2024,-0.835553068223634,0.569549022652897,34,1.11631608439968
a,Gorgonians (Holaxonia),2025,-0.481512459177051,0.355344932991928,78,0.69647606866418
b,Whole reef-fish community,1998,0.228630998733438,0.0616513519036665,150,0.120836649731186
b,Whole reef-fish community,1999,-0.0844046617935552,0.0609349525616332,147,0.119432507020801
b,Whole reef-fish community,2000,0.311341290525459,0.0747889518229724,131,0.146586345573026
b,Whole reef-fish community,2001,0.596924430093049,0.0588637742822816,128,0.115372997593272
b,Whole reef-fish community,2002,0.533908392489853,0.0639245232944164,119,0.125292065657056
b,Whole reef-fish community,2003,0.192985489320812,0.0708054027690729,102,0.138778589427383
b,Whole reef-fish community,2004,0.434802823157939,0.0646626393328285,122,0.126738773092344
b,Whole reef-fish community,2005,-0.225954927600866,0.096470706745625,101,0.189082585221425
b,Whole reef-fish community,2006,0.376546826151796,0.0596178088939715,113,0.116850905432184
b,Whole reef-fish community,2007,0.00621242802574337,0.0824508264972218,123,0.161603619934555
b,Whole reef-fish community,2008,0.388820837049678,0.0565251532887583,112,0.110789300445966
b,Whole reef-fish community,2009,0.524569691349792,0.0680575618186468,130,0.133392821164548
b,Whole reef-fish community,2010,0.253432172156893,0.0686555931406815,149,0.134564962555736
b,Whole reef-fish community,2011,-0.774008843001902,0.0735814517888715,130,0.144219645506188
b,Whole reef-fish community,2012,-0.826614657122829,0.0808215804333424,136,0.158410297649351
b,Whole reef-fish community,2013,-0.181628136967536,0.11384113339903,145,0.223128621462098
b,Whole reef-fish community,2014,-0.798260237854477,0.0872976982271893,142,0.171103488525291
b,Whole reef-fish community,2015,-0.32252180801168,0.0657218210112341,147,0.128814769182019
b,Whole reef-fish community,2016,0.125012580523063,0.0668253043205655,162,0.130977596468308
b,Whole reef-fish community,2017,-0.32676586713826,0.0638739886651469,148,0.125193017783688
b,Whole reef-fish community,2018,0.181997353454415,0.0622215117659241,157,0.121954163061211
b,Whole reef-fish community,2019,-0.0258713413407696,0.0756872013690614,149,0.14834691468336
b,Whole reef-fish community,2021,0.193238887115392,0.134743686227663,55,0.264097625006219
b,Whole reef-fish community,2022,0.153940523020912,0.0820541436657265,120,0.160826121584824
b,Whole reef-fish community,2023,-0.410593378578888,0.0723155652667252,130,0.141738507922781
b,Whole reef-fish community,2024,-0.0695480026141453,0.163922384670787,34,0.321287873954742
b,Whole reef-fish community,2025,-0.189610193608784,0.154038971402237,80,0.301916383948385
b,Commercial species,1998,-0.0169820396256114,0.0659192166804467,150,0.129201664693675
b,Commercial species,1999,-0.118381619563896,0.0797730980527847,147,0.156355272183458
b,Commercial species,2000,0.398581671734985,0.0821695615657765,131,0.161052340668922
b,Commercial species,2001,0.653074985584966,0.0652450180388433,128,0.127880235356133
b,Commercial species,2002,0.613294071269928,0.0760139790536905,119,0.148987398945233
b,Commercial species,2003,0.203334822653523,0.0877833996446196,102,0.172055463303454
b,Commercial species,2004,0.42203730399691,0.0703162317021946,122,0.137819814136301
b,Commercial species,2005,-0.277235867566608,0.116588898672293,101,0.228514241397695
b,Commercial species,2006,0.483388846648762,0.0673253398193558,113,0.131957666045937
b,Commercial species,2007,0.031413282312104,0.0786722509960532,123,0.154197611952264
b,Commercial species,2008,0.45981804661012,0.0708066049436489,112,0.138780945689552
b,Commercial species,2009,0.611910164397099,0.071439298956487,130,0.140021025954715
b,Commercial species,2010,0.350391751844824,0.0751253177207894,149,0.147245622732747
b,Commercial species,2011,-0.735049976461042,0.0862846712006694,130,0.169117955553312
b,Commercial species,2012,-0.776257483946545,0.0916508625304493,136,0.179635690559681
b,Commercial species,2013,-0.25867121022621,0.122920287559398,145,0.240923763616419
b,Commercial species,2014,-0.852214022565912,0.0913329194960498,142,0.179012522212258
b,Commercial species,2015,-0.297579063621618,0.0740890442099366,147,0.145214526651476
b,Commercial species,2016,-0.0232680382336913,0.0811652493677234,162,0.159083888760738
b,Commercial species,2017,-0.376030469598402,0.0727519208469942,148,0.142593764860109
b,Commercial species,2018,0.195379347601932,0.0736181155387353,157,0.144291506455921
b,Commercial species,2019,0.0194305795304181,0.0847232116194622,149,0.166057494774146
b,Commercial species,2021,0.220896238339396,0.144039622606725,55,0.282317660309181
b,Commercial species,2022,0.240441710452957,0.0912656208851439,120,0.178880616934882
b,Commercial species,2023,-0.312864872839997,0.0858550539609857,130,0.168275905763532
b,Commercial species,2024,-0.28596176149519,0.209355152690963,34,0.410336099274288
b,Commercial species,2025,-0.452161855450386,0.166835874208261,80,0.326998313448191
b,Non-commercial species,1998,0.491240366618405,0.0700241838381419,150,0.137247400322758
b,Non-commercial species,1999,0.0365494509981454,0.0623491794950739,147,0.122204391810345
b,Non-commercial species,2000,0.230087562420901,0.0784214309269146,131,0.153706004616753
b,Non-commercial species,2001,0.601374635542156,0.0724933333462541,128,0.142086933358658
b,Non-commercial species,2002,0.457127981776733,0.0671550025263681,119,0.131623804951682
b,Non-commercial species,2003,0.182553638549424,0.0841192993332325,102,0.164873826693136
b,Non-commercial species,2004,0.436121658814659,0.0811461549214224,122,0.159046463645988
b,Non-commercial species,2005,-0.118004189316732,0.090297204110576,101,0.176982520056729
b,Non-commercial species,2006,0.285300738979568,0.0831194117241927,113,0.162914046979418
b,Non-commercial species,2007,0.034366949482727,0.104658020911068,123,0.205129720985693
b,Non-commercial species,2008,0.302976084564036,0.0783571468375642,112,0.153580007801626
b,Non-commercial species,2009,0.451028922563488,0.0887591727224923,130,0.173967978536085
b,Non-commercial species,2010,0.0625196957689461,0.0916298935602709,149,0.179594591378131
b,Non-commercial species,2011,-0.69617031507463,0.0754277132491207,130,0.147838317968277
b,Non-commercial species,2012,-0.835202576143517,0.0910698718320592,136,0.178496948790836
b,Non-commercial species,2013,-0.000309545696166834,0.113603862149277,145,0.222663569812583
b,Non-commercial species,2014,-0.768363870686173,0.0873343154862269,142,0.171175258353005
b,Non-commercial species,2015,-0.336694315192033,0.0785211880543416,147,0.15390152858651
b,Non-commercial species,2016,0.1182736587962,0.0843025394093855,162,0.165232977242396
b,Non-commercial species,2017,-0.250946673822589,0.0815634385443064,148,0.15986433954684
b,Non-commercial species,2018,0.127782565173768,0.0818411850285921,157,0.160408722656041
b,Non-commercial species,2019,-0.164817901554491,0.0920523616312098,149,0.180422628797171
b,Non-commercial species,2021,0.0340196630532853,0.155663541773274,55,0.305100541875616
b,Non-commercial species,2022,0.0162358098750994,0.0953165982536483,120,0.186820532577151
b,Non-commercial species,2023,-0.500145675201856,0.0813336472979393,130,0.159413948703961
b,Non-commercial species,2024,-0.0840384354612231,0.164524146006002,34,0.322467326171764
b,Non-commercial species,2025,0.130461900524355,0.148822055274073,80,0.291691228337184
