lat,lon,lonW,gulf,lat_degree
21.875,243.875,-116.125,FALSE,21
21.875,244.125,-115.875,FALSE,21
21.875,244.375,-115.625,FALSE,21
21.875,244.625,-115.375,FALSE,21
21.875,244.875,-115.125,FALSE,21
21.875,245.125,-114.875,FALSE,21
21.875,245.375,-114.625,FALSE,21
21.875,245.625,-114.375,FALSE,21
21.875,245.875,-114.125,FALSE,21
21.875,246.125,-113.875,FALSE,21
21.875,246.375,-113.625,FALSE,21
21.875,246.625,-113.375,FALSE,21
21.875,246.875,-113.125,FALSE,21
21.875,247.125,-112.875,FALSE,21
21.875,247.375,-112.625,FALSE,21
21.875,247.625,-112.375,FALSE,21
21.875,247.875,-112.125,FALSE,21
21.875,248.125,-111.875,FALSE,21
21.875,248.375,-111.625,FALSE,21
21.875,248.625,-111.375,FALSE,21
21.875,248.875,-111.125,FALSE,21
21.875,249.125,-110.875,FALSE,21
21.875,249.375,-110.625,FALSE,21
21.875,249.625,-110.375,FALSE,21
21.875,249.875,-110.125,FALSE,21
21.875,250.125,-109.875,FALSE,21
21.875,250.375,-109.625,FALSE,21
21.875,250.625,-109.375,FALSE,21
21.875,250.875,-109.125,FALSE,21
21.875,251.125,-108.875,FALSE,21
21.875,251.375,-108.625,FALSE,21
21.875,251.625,-108.375,TRUE,21
21.875,251.875,-108.125,TRUE,21
21.875,252.125,-107.875,TRUE,21
21.875,252.375,-107.625,TRUE,21
21.875,252.625,-107.375,TRUE,21
21.875,252.875,-107.125,TRUE,21
21.875,253.125,-106.875,TRUE,21
21.875,253.375,-106.625,TRUE,21
21.875,253.625,-106.375,TRUE,21
21.875,253.875,-106.125,TRUE,21
21.875,254.125,-105.875,TRUE,21
21.875,254.375,-105.625,FALSE,21
22.125,243.875,-116.125,FALSE,22
22.125,244.125,-115.875,FALSE,22
22.125,244.375,-115.625,FALSE,22
22.125,244.625,-115.375,FALSE,22
22.125,244.875,-115.125,FALSE,22
22.125,245.125,-114.875,FALSE,22
22.125,245.375,-114.625,FALSE,22
22.125,245.625,-114.375,FALSE,22
22.125,245.875,-114.125,FALSE,22
22.125,246.125,-113.875,FALSE,22
22.125,246.375,-113.625,FALSE,22
22.125,246.625,-113.375,FALSE,22
22.125,246.875,-113.125,FALSE,22
22.125,247.125,-112.875,FALSE,22
22.125,247.375,-112.625,FALSE,22
22.125,247.625,-112.375,FALSE,22
22.125,247.875,-112.125,FALSE,22
22.125,248.125,-111.875,FALSE,22
22.125,248.375,-111.625,FALSE,22
22.125,248.625,-111.375,FALSE,22
22.125,248.875,-111.125,FALSE,22
22.125,249.125,-110.875,FALSE,22
22.125,249.375,-110.625,FALSE,22
22.125,249.625,-110.375,FALSE,22
22.125,249.875,-110.125,FALSE,22
22.125,250.125,-109.875,FALSE,22
22.125,250.375,-109.625,FALSE,22
22.125,250.625,-109.375,FALSE,22
22.125,250.875,-109.125,FALSE,22
22.125,251.125,-108.875,TRUE,22
22.125,251.375,-108.625,TRUE,22
22.125,251.625,-108.375,TRUE,22
22.125,251.875,-108.125,TRUE,22
22.125,252.125,-107.875,TRUE,22
22.125,252.375,-107.625,TRUE,22
22.125,252.625,-107.375,TRUE,22
22.125,252.875,-107.125,TRUE,22
22.125,253.125,-106.875,TRUE,22
22.125,253.375,-106.625,TRUE,22
22.125,253.625,-106.375,TRUE,22
22.125,253.875,-106.125,TRUE,22
22.125,254.125,-105.875,TRUE,22
22.125,254.375,-105.625,FALSE,22
22.375,243.875,-116.125,FALSE,22
22.375,244.125,-115.875,FALSE,22
22.375,244.375,-115.625,FALSE,22
22.375,244.625,-115.375,FALSE,22
22.375,244.875,-115.125,FALSE,22
22.375,245.125,-114.875,FALSE,22
22.375,245.375,-114.625,FALSE,22
22.375,245.625,-114.375,FALSE,22
22.375,245.875,-114.125,FALSE,22
22.375,246.125,-113.875,FALSE,22
22.375,246.375,-113.625,FALSE,22
22.375,246.625,-113.375,FALSE,22
22.375,246.875,-113.125,FALSE,22
22.375,247.125,-112.875,FALSE,22
22.375,247.375,-112.625,FALSE,22
22.375,247.625,-112.375,FALSE,22
22.375,247.875,-112.125,FALSE,22
22.375,248.125,-111.875,FALSE,22
22.375,248.375,-111.625,FALSE,22
22.375,248.625,-111.375,FALSE,22
22.375,248.875,-111.125,FALSE,22
22.375,249.125,-110.875,FALSE,22
22.375,249.375,-110.625,FALSE,22
22.375,249.625,-110.375,FALSE,22
22.375,249.875,-110.125,FALSE,22
22.375,250.125,-109.875,FALSE,22
22.375,250.375,-109.625,FALSE,22
22.375,250.625,-109.375,TRUE,22
22.375,250.875,-109.125,TRUE,22
22.375,251.125,-108.875,TRUE,22
22.375,251.375,-108.625,TRUE,22
22.375,251.625,-108.375,TRUE,22
22.375,251.875,-108.125,TRUE,22
22.375,252.125,-107.875,TRUE,22
22.375,252.375,-107.625,TRUE,22
22.375,252.625,-107.375,TRUE,22
22.375,252.875,-107.125,TRUE,22
22.375,253.125,-106.875,TRUE,22
22.375,253.375,-106.625,TRUE,22
22.375,253.625,-106.375,TRUE,22
22.375,253.875,-106.125,TRUE,22
22.375,254.125,-105.875,FALSE,22
22.375,254.375,-105.625,FALSE,22
22.625,243.875,-116.125,FALSE,22
22.625,244.125,-115.875,FALSE,22
22.625,244.375,-115.625,FALSE,22
22.625,244.625,-115.375,FALSE,22
22.625,244.875,-115.125,FALSE,22
22.625,245.125,-114.875,FALSE,22
22.625,245.375,-114.625,FALSE,22
22.625,245.625,-114.375,FALSE,22
22.625,245.875,-114.125,FALSE,22
22.625,246.125,-113.875,FALSE,22
22.625,246.375,-113.625,FALSE,22
22.625,246.625,-113.375,FALSE,22
22.625,246.875,-113.125,FALSE,22
22.625,247.125,-112.875,FALSE,22
22.625,247.375,-112.625,FALSE,22
22.625,247.625,-112.375,FALSE,22
22.625,247.875,-112.125,FALSE,22
22.625,248.125,-111.875,FALSE,22
22.625,248.375,-111.625,FALSE,22
22.625,248.625,-111.375,FALSE,22
22.625,248.875,-111.125,FALSE,22
22.625,249.125,-110.875,FALSE,22
22.625,249.375,-110.625,FALSE,22
22.625,249.625,-110.375,FALSE,22
22.625,249.875,-110.125,FALSE,22
22.625,250.125,-109.875,TRUE,22
22.625,250.375,-109.625,TRUE,22
22.625,250.625,-109.375,TRUE,22
22.625,250.875,-109.125,TRUE,22
22.625,251.125,-108.875,TRUE,22
22.625,251.375,-108.625,TRUE,22
22.625,251.625,-108.375,TRUE,22
22.625,251.875,-108.125,TRUE,22
22.625,252.125,-107.875,TRUE,22
22.625,252.375,-107.625,TRUE,22
22.625,252.625,-107.375,TRUE,22
22.625,252.875,-107.125,TRUE,22
22.625,253.125,-106.875,TRUE,22
22.625,253.375,-106.625,TRUE,22
22.625,253.625,-106.375,TRUE,22
22.625,253.875,-106.125,TRUE,22
22.625,254.125,-105.875,FALSE,22
22.875,243.875,-116.125,FALSE,22
22.875,244.125,-115.875,FALSE,22
22.875,244.375,-115.625,FALSE,22
22.875,244.625,-115.375,FALSE,22
22.875,244.875,-115.125,FALSE,22
22.875,245.125,-114.875,FALSE,22
22.875,245.375,-114.625,FALSE,22
22.875,245.625,-114.375,FALSE,22
22.875,245.875,-114.125,FALSE,22
22.875,246.125,-113.875,FALSE,22
22.875,246.375,-113.625,FALSE,22
22.875,246.625,-113.375,FALSE,22
22.875,246.875,-113.125,FALSE,22
22.875,247.125,-112.875,FALSE,22
22.875,247.375,-112.625,FALSE,22
22.875,247.625,-112.375,FALSE,22
22.875,247.875,-112.125,FALSE,22
22.875,248.125,-111.875,FALSE,22
22.875,248.375,-111.625,FALSE,22
22.875,248.625,-111.375,FALSE,22
22.875,248.875,-111.125,FALSE,22
22.875,249.125,-110.875,FALSE,22
22.875,249.375,-110.625,FALSE,22
22.875,249.625,-110.375,FALSE,22
22.875,249.875,-110.125,TRUE,22
22.875,250.125,-109.875,TRUE,22
22.875,250.375,-109.625,TRUE,22
22.875,250.625,-109.375,TRUE,22
22.875,250.875,-109.125,TRUE,22
22.875,251.125,-108.875,TRUE,22
22.875,251.375,-108.625,TRUE,22
22.875,251.625,-108.375,TRUE,22
22.875,251.875,-108.125,TRUE,22
22.875,252.125,-107.875,TRUE,22
22.875,252.375,-107.625,TRUE,22
22.875,252.625,-107.375,TRUE,22
22.875,252.875,-107.125,TRUE,22
22.875,253.125,-106.875,TRUE,22
22.875,253.375,-106.625,TRUE,22
22.875,253.625,-106.375,TRUE,22
22.875,253.875,-106.125,FALSE,22
23.125,243.875,-116.125,FALSE,23
23.125,244.125,-115.875,FALSE,23
23.125,244.375,-115.625,FALSE,23
23.125,244.625,-115.375,FALSE,23
23.125,244.875,-115.125,FALSE,23
23.125,245.125,-114.875,FALSE,23
23.125,245.375,-114.625,FALSE,23
23.125,245.625,-114.375,FALSE,23
23.125,245.875,-114.125,FALSE,23
23.125,246.125,-113.875,FALSE,23
23.125,246.375,-113.625,FALSE,23
23.125,246.625,-113.375,FALSE,23
23.125,246.875,-113.125,FALSE,23
23.125,247.125,-112.875,FALSE,23
23.125,247.375,-112.625,FALSE,23
23.125,247.625,-112.375,FALSE,23
23.125,247.875,-112.125,FALSE,23
23.125,248.125,-111.875,FALSE,23
23.125,248.375,-111.625,FALSE,23
23.125,248.625,-111.375,FALSE,23
23.125,248.875,-111.125,FALSE,23
23.125,249.125,-110.875,FALSE,23
23.125,249.375,-110.625,FALSE,23
23.125,249.625,-110.375,FALSE,23
23.125,249.875,-110.125,TRUE,23
23.125,250.375,-109.625,TRUE,23
23.125,250.625,-109.375,TRUE,23
23.125,250.875,-109.125,TRUE,23
23.125,251.125,-108.875,TRUE,23
23.125,251.375,-108.625,TRUE,23
23.125,251.625,-108.375,TRUE,23
23.125,251.875,-108.125,TRUE,23
23.125,252.125,-107.875,TRUE,23
23.125,252.375,-107.625,TRUE,23
23.125,252.625,-107.375,TRUE,23
23.125,252.875,-107.125,TRUE,23
23.125,253.125,-106.875,TRUE,23
23.125,253.375,-106.625,TRUE,23
23.125,253.625,-106.375,FALSE,23
23.375,243.875,-116.125,FALSE,23
23.375,244.125,-115.875,FALSE,23
23.375,244.375,-115.625,FALSE,23
23.375,244.625,-115.375,FALSE,23
23.375,244.875,-115.125,FALSE,23
23.375,245.125,-114.875,FALSE,23
23.375,245.375,-114.625,FALSE,23
23.375,245.625,-114.375,FALSE,23
23.375,245.875,-114.125,FALSE,23
23.375,246.125,-113.875,FALSE,23
23.375,246.375,-113.625,FALSE,23
23.375,246.625,-113.375,FALSE,23
23.375,246.875,-113.125,FALSE,23
23.375,247.125,-112.875,FALSE,23
23.375,247.375,-112.625,FALSE,23
23.375,247.625,-112.375,FALSE,23
23.375,247.875,-112.125,FALSE,23
23.375,248.125,-111.875,FALSE,23
23.375,248.375,-111.625,FALSE,23
23.375,248.625,-111.375,FALSE,23
23.375,248.875,-111.125,FALSE,23
23.375,249.125,-110.875,FALSE,23
23.375,249.375,-110.625,FALSE,23
23.375,249.625,-110.375,TRUE,23
23.375,249.875,-110.125,TRUE,23
23.375,250.625,-109.375,TRUE,23
23.375,250.875,-109.125,TRUE,23
23.375,251.125,-108.875,TRUE,23
23.375,251.375,-108.625,TRUE,23
23.375,251.625,-108.375,TRUE,23
23.375,251.875,-108.125,TRUE,23
23.375,252.125,-107.875,TRUE,23
23.375,252.375,-107.625,TRUE,23
23.375,252.625,-107.375,TRUE,23
23.375,252.875,-107.125,TRUE,23
23.375,253.125,-106.875,TRUE,23
23.375,253.375,-106.625,FALSE,23
23.625,243.875,-116.125,FALSE,23
23.625,244.125,-115.875,FALSE,23
23.625,244.375,-115.625,FALSE,23
23.625,244.625,-115.375,FALSE,23
23.625,244.875,-115.125,FALSE,23
23.625,245.125,-114.875,FALSE,23
23.625,245.375,-114.625,FALSE,23
23.625,245.625,-114.375,FALSE,23
23.625,245.875,-114.125,FALSE,23
23.625,246.125,-113.875,FALSE,23
23.625,246.375,-113.625,FALSE,23
23.625,246.625,-113.375,FALSE,23
23.625,246.875,-113.125,FALSE,23
23.625,247.125,-112.875,FALSE,23
23.625,247.375,-112.625,FALSE,23
23.625,247.625,-112.375,FALSE,23
23.625,247.875,-112.125,FALSE,23
23.625,248.125,-111.875,FALSE,23
23.625,248.375,-111.625,FALSE,23
23.625,248.625,-111.375,FALSE,23
23.625,248.875,-111.125,FALSE,23
23.625,249.125,-110.875,FALSE,23
23.625,249.375,-110.625,FALSE,23
23.625,249.625,-110.375,TRUE,23
23.625,250.375,-109.625,TRUE,23
23.625,250.625,-109.375,TRUE,23
23.625,250.875,-109.125,TRUE,23
23.625,251.125,-108.875,TRUE,23
23.625,251.375,-108.625,TRUE,23
23.625,251.625,-108.375,TRUE,23
23.625,251.875,-108.125,TRUE,23
23.625,252.125,-107.875,TRUE,23
23.625,252.375,-107.625,TRUE,23
23.625,252.625,-107.375,TRUE,23
23.625,252.875,-107.125,TRUE,23
23.625,253.125,-106.875,FALSE,23
23.875,243.875,-116.125,FALSE,23
23.875,244.125,-115.875,FALSE,23
23.875,244.375,-115.625,FALSE,23
23.875,244.625,-115.375,FALSE,23
23.875,244.875,-115.125,FALSE,23
23.875,245.125,-114.875,FALSE,23
23.875,245.375,-114.625,FALSE,23
23.875,245.625,-114.375,FALSE,23
23.875,245.875,-114.125,FALSE,23
23.875,246.125,-113.875,FALSE,23
23.875,246.375,-113.625,FALSE,23
23.875,246.625,-113.375,FALSE,23
23.875,246.875,-113.125,FALSE,23
23.875,247.125,-112.875,FALSE,23
23.875,247.375,-112.625,FALSE,23
23.875,247.625,-112.375,FALSE,23
23.875,247.875,-112.125,FALSE,23
23.875,248.125,-111.875,FALSE,23
23.875,248.375,-111.625,FALSE,23
23.875,248.625,-111.375,FALSE,23
23.875,248.875,-111.125,FALSE,23
23.875,249.125,-110.875,FALSE,23
23.875,250.375,-109.625,TRUE,23
23.875,250.625,-109.375,TRUE,23
23.875,250.875,-109.125,TRUE,23
23.875,251.125,-108.875,TRUE,23
23.875,251.375,-108.625,TRUE,23
23.875,251.625,-108.375,TRUE,23
23.875,251.875,-108.125,TRUE,23
23.875,252.125,-107.875,TRUE,23
23.875,252.375,-107.625,TRUE,23
23.875,252.625,-107.375,TRUE,23
23.875,252.875,-107.125,FALSE,23
23.875,253.125,-106.875,FALSE,23
24.125,243.875,-116.125,FALSE,24
24.125,244.125,-115.875,FALSE,24
24.125,244.375,-115.625,FALSE,24
24.125,244.625,-115.375,FALSE,24
24.125,244.875,-115.125,FALSE,24
24.125,245.125,-114.875,FALSE,24
24.125,245.375,-114.625,FALSE,24
24.125,245.625,-114.375,FALSE,24
24.125,245.875,-114.125,FALSE,24
24.125,246.125,-113.875,FALSE,24
24.125,246.375,-113.625,FALSE,24
24.125,246.625,-113.375,FALSE,24
24.125,246.875,-113.125,FALSE,24
24.125,247.125,-112.875,FALSE,24
24.125,247.375,-112.625,FALSE,24
24.125,247.625,-112.375,FALSE,24
24.125,247.875,-112.125,FALSE,24
24.125,248.125,-111.875,FALSE,24
24.125,248.375,-111.625,FALSE,24
24.125,248.625,-111.375,FALSE,24
24.125,248.875,-111.125,FALSE,24
24.125,250.125,-109.875,TRUE,24
24.125,250.375,-109.625,TRUE,24
24.125,250.625,-109.375,TRUE,24
24.125,250.875,-109.125,TRUE,24
24.125,251.125,-108.875,TRUE,24
24.125,251.375,-108.625,TRUE,24
24.125,251.625,-108.375,TRUE,24
24.125,251.875,-108.125,TRUE,24
24.125,252.125,-107.875,TRUE,24
24.125,252.375,-107.625,TRUE,24
24.125,252.625,-107.375,FALSE,24
24.125,252.875,-107.125,FALSE,24
24.375,243.875,-116.125,FALSE,24
24.375,244.125,-115.875,FALSE,24
24.375,244.375,-115.625,FALSE,24
24.375,244.625,-115.375,FALSE,24
24.375,244.875,-115.125,FALSE,24
24.375,245.125,-114.875,FALSE,24
24.375,245.375,-114.625,FALSE,24
24.375,245.625,-114.375,FALSE,24
24.375,245.875,-114.125,FALSE,24
24.375,246.125,-113.875,FALSE,24
24.375,246.375,-113.625,FALSE,24
24.375,246.625,-113.375,FALSE,24
24.375,246.875,-113.125,FALSE,24
24.375,247.125,-112.875,FALSE,24
24.375,247.375,-112.625,FALSE,24
24.375,247.625,-112.375,FALSE,24
24.375,247.875,-112.125,FALSE,24
24.375,248.125,-111.875,FALSE,24
24.375,248.375,-111.625,FALSE,24
24.375,249.375,-110.625,TRUE,24
24.375,249.625,-110.375,TRUE,24
24.375,249.875,-110.125,TRUE,24
24.375,250.125,-109.875,TRUE,24
24.375,250.375,-109.625,TRUE,24
24.375,250.625,-109.375,TRUE,24
24.375,250.875,-109.125,TRUE,24
24.375,251.125,-108.875,TRUE,24
24.375,251.375,-108.625,TRUE,24
24.375,251.625,-108.375,TRUE,24
24.375,251.875,-108.125,TRUE,24
24.375,252.125,-107.875,TRUE,24
24.375,252.375,-107.625,FALSE,24
24.625,243.875,-116.125,FALSE,24
24.625,244.125,-115.875,FALSE,24
24.625,244.375,-115.625,FALSE,24
24.625,244.625,-115.375,FALSE,24
24.625,244.875,-115.125,FALSE,24
24.625,245.125,-114.875,FALSE,24
24.625,245.375,-114.625,FALSE,24
24.625,245.625,-114.375,FALSE,24
24.625,245.875,-114.125,FALSE,24
24.625,246.125,-113.875,FALSE,24
24.625,246.375,-113.625,FALSE,24
24.625,246.625,-113.375,FALSE,24
24.625,246.875,-113.125,FALSE,24
24.625,247.125,-112.875,FALSE,24
24.625,247.375,-112.625,FALSE,24
24.625,247.625,-112.375,FALSE,24
24.625,247.875,-112.125,FALSE,24
24.625,248.125,-111.875,FALSE,24
24.625,249.375,-110.625,TRUE,24
24.625,249.625,-110.375,TRUE,24
24.625,249.875,-110.125,TRUE,24
24.625,250.125,-109.875,TRUE,24
24.625,250.375,-109.625,TRUE,24
24.625,250.625,-109.375,TRUE,24
24.625,250.875,-109.125,TRUE,24
24.625,251.125,-108.875,TRUE,24
24.625,251.375,-108.625,TRUE,24
24.625,251.625,-108.375,TRUE,24
24.625,251.875,-108.125,TRUE,24
24.625,252.125,-107.875,FALSE,24
24.875,243.875,-116.125,FALSE,24
24.875,244.125,-115.875,FALSE,24
24.875,244.375,-115.625,FALSE,24
24.875,244.625,-115.375,FALSE,24
24.875,244.875,-115.125,FALSE,24
24.875,245.125,-114.875,FALSE,24
24.875,245.375,-114.625,FALSE,24
24.875,245.625,-114.375,FALSE,24
24.875,245.875,-114.125,FALSE,24
24.875,246.125,-113.875,FALSE,24
24.875,246.375,-113.625,FALSE,24
24.875,246.625,-113.375,FALSE,24
24.875,246.875,-113.125,FALSE,24
24.875,247.125,-112.875,FALSE,24
24.875,247.375,-112.625,FALSE,24
24.875,247.625,-112.375,FALSE,24
24.875,249.375,-110.625,TRUE,24
24.875,249.625,-110.375,TRUE,24
24.875,249.875,-110.125,TRUE,24
24.875,250.125,-109.875,TRUE,24
24.875,250.375,-109.625,TRUE,24
24.875,250.625,-109.375,TRUE,24
24.875,250.875,-109.125,TRUE,24
24.875,251.125,-108.875,TRUE,24
24.875,251.375,-108.625,TRUE,24
24.875,251.625,-108.375,TRUE,24
24.875,251.875,-108.125,FALSE,24
25.125,243.875,-116.125,FALSE,25
25.125,244.125,-115.875,FALSE,25
25.125,244.375,-115.625,FALSE,25
25.125,244.625,-115.375,FALSE,25
25.125,244.875,-115.125,FALSE,25
25.125,245.125,-114.875,FALSE,25
25.125,245.375,-114.625,FALSE,25
25.125,245.625,-114.375,FALSE,25
25.125,245.875,-114.125,FALSE,25
25.125,246.125,-113.875,FALSE,25
25.125,246.375,-113.625,FALSE,25
25.125,246.625,-113.375,FALSE,25
25.125,246.875,-113.125,FALSE,25
25.125,247.125,-112.875,FALSE,25
25.125,247.375,-112.625,FALSE,25
25.125,247.625,-112.375,FALSE,25
25.125,247.875,-112.125,FALSE,25
25.125,249.125,-110.875,TRUE,25
25.125,249.375,-110.625,TRUE,25
25.125,249.625,-110.375,TRUE,25
25.125,249.875,-110.125,TRUE,25
25.125,250.125,-109.875,TRUE,25
25.125,250.375,-109.625,TRUE,25
25.125,250.625,-109.375,TRUE,25
25.125,250.875,-109.125,TRUE,25
25.125,251.125,-108.875,TRUE,25
25.125,251.375,-108.625,TRUE,25
25.125,251.625,-108.375,FALSE,25
25.375,243.875,-116.125,FALSE,25
25.375,244.125,-115.875,FALSE,25
25.375,244.375,-115.625,FALSE,25
25.375,244.625,-115.375,FALSE,25
25.375,244.875,-115.125,FALSE,25
25.375,245.125,-114.875,FALSE,25
25.375,245.375,-114.625,FALSE,25
25.375,245.625,-114.375,FALSE,25
25.375,245.875,-114.125,FALSE,25
25.375,246.125,-113.875,FALSE,25
25.375,246.375,-113.625,FALSE,25
25.375,246.625,-113.375,FALSE,25
25.375,246.875,-113.125,FALSE,25
25.375,247.125,-112.875,FALSE,25
25.375,247.375,-112.625,FALSE,25
25.375,247.625,-112.375,FALSE,25
25.375,247.875,-112.125,FALSE,25
25.375,249.125,-110.875,TRUE,25
25.375,249.375,-110.625,TRUE,25
25.375,249.625,-110.375,TRUE,25
25.375,249.875,-110.125,TRUE,25
25.375,250.125,-109.875,TRUE,25
25.375,250.375,-109.625,TRUE,25
25.375,250.625,-109.375,TRUE,25
25.375,250.875,-109.125,TRUE,25
25.375,251.125,-108.875,TRUE,25
25.375,251.375,-108.625,FALSE,25
25.625,243.875,-116.125,FALSE,25
25.625,244.125,-115.875,FALSE,25
25.625,244.375,-115.625,FALSE,25
25.625,244.625,-115.375,FALSE,25
25.625,244.875,-115.125,FALSE,25
25.625,245.125,-114.875,FALSE,25
25.625,245.375,-114.625,FALSE,25
25.625,245.625,-114.375,FALSE,25
25.625,245.875,-114.125,FALSE,25
25.625,246.125,-113.875,FALSE,25
25.625,246.375,-113.625,FALSE,25
25.625,246.625,-113.375,FALSE,25
25.625,246.875,-113.125,FALSE,25
25.625,247.125,-112.875,FALSE,25
25.625,247.375,-112.625,FALSE,25
25.625,247.625,-112.375,FALSE,25
25.625,247.875,-112.125,FALSE,25
25.625,248.875,-111.125,TRUE,25
25.625,249.125,-110.875,TRUE,25
25.625,249.375,-110.625,TRUE,25
25.625,249.625,-110.375,TRUE,25
25.625,249.875,-110.125,TRUE,25
25.625,250.125,-109.875,TRUE,25
25.625,250.375,-109.625,TRUE,25
25.625,250.625,-109.375,TRUE,25
25.625,250.875,-109.125,TRUE,25
25.875,243.875,-116.125,FALSE,25
25.875,244.125,-115.875,FALSE,25
25.875,244.375,-115.625,FALSE,25
25.875,244.625,-115.375,FALSE,25
25.875,244.875,-115.125,FALSE,25
25.875,245.125,-114.875,FALSE,25
25.875,245.375,-114.625,FALSE,25
25.875,245.625,-114.375,FALSE,25
25.875,245.875,-114.125,FALSE,25
25.875,246.125,-113.875,FALSE,25
25.875,246.375,-113.625,FALSE,25
25.875,246.625,-113.375,FALSE,25
25.875,246.875,-113.125,FALSE,25
25.875,247.125,-112.875,FALSE,25
25.875,247.375,-112.625,FALSE,25
25.875,247.625,-112.375,FALSE,25
25.875,247.875,-112.125,FALSE,25
25.875,248.875,-111.125,TRUE,25
25.875,249.125,-110.875,TRUE,25
25.875,249.375,-110.625,TRUE,25
25.875,249.625,-110.375,TRUE,25
25.875,249.875,-110.125,TRUE,25
25.875,250.125,-109.875,TRUE,25
25.875,250.375,-109.625,TRUE,25
26.125,243.875,-116.125,FALSE,26
26.125,244.125,-115.875,FALSE,26
26.125,244.375,-115.625,FALSE,26
26.125,244.625,-115.375,FALSE,26
26.125,244.875,-115.125,FALSE,26
26.125,245.125,-114.875,FALSE,26
26.125,245.375,-114.625,FALSE,26
26.125,245.625,-114.375,FALSE,26
26.125,245.875,-114.125,FALSE,26
26.125,246.125,-113.875,FALSE,26
26.125,246.375,-113.625,FALSE,26
26.125,246.625,-113.375,FALSE,26
26.125,246.875,-113.125,FALSE,26
26.125,247.125,-112.875,FALSE,26
26.125,247.375,-112.625,FALSE,26
26.125,247.625,-112.375,FALSE,26
26.125,248.625,-111.375,TRUE,26
26.125,248.875,-111.125,TRUE,26
26.125,249.125,-110.875,TRUE,26
26.125,249.375,-110.625,TRUE,26
26.125,249.625,-110.375,TRUE,26
26.125,249.875,-110.125,TRUE,26
26.125,250.125,-109.875,TRUE,26
26.125,250.375,-109.625,TRUE,26
26.125,250.625,-109.375,FALSE,26
26.375,243.875,-116.125,FALSE,26
26.375,244.125,-115.875,FALSE,26
26.375,244.375,-115.625,FALSE,26
26.375,244.625,-115.375,FALSE,26
26.375,244.875,-115.125,FALSE,26
26.375,245.125,-114.875,FALSE,26
26.375,245.375,-114.625,FALSE,26
26.375,245.625,-114.375,FALSE,26
26.375,245.875,-114.125,FALSE,26
26.375,246.125,-113.875,FALSE,26
26.375,246.375,-113.625,FALSE,26
26.375,246.625,-113.375,FALSE,26
26.375,246.875,-113.125,FALSE,26
26.375,247.125,-112.875,FALSE,26
26.375,247.375,-112.625,FALSE,26
26.375,248.625,-111.375,TRUE,26
26.375,248.875,-111.125,TRUE,26
26.375,249.125,-110.875,TRUE,26
26.375,249.375,-110.625,TRUE,26
26.375,249.625,-110.375,TRUE,26
26.375,249.875,-110.125,TRUE,26
26.375,250.125,-109.875,TRUE,26
26.375,250.375,-109.625,FALSE,26
26.375,250.625,-109.375,FALSE,26
26.625,243.875,-116.125,FALSE,26
26.625,244.125,-115.875,FALSE,26
26.625,244.375,-115.625,FALSE,26
26.625,244.625,-115.375,FALSE,26
26.625,244.875,-115.125,FALSE,26
26.625,245.125,-114.875,FALSE,26
26.625,245.375,-114.625,FALSE,26
26.625,245.625,-114.375,FALSE,26
26.625,245.875,-114.125,FALSE,26
26.625,246.125,-113.875,FALSE,26
26.625,246.375,-113.625,FALSE,26
26.625,246.625,-113.375,FALSE,26
26.625,246.875,-113.125,FALSE,26
26.625,248.625,-111.375,TRUE,26
26.625,248.875,-111.125,TRUE,26
26.625,249.125,-110.875,TRUE,26
26.625,249.375,-110.625,TRUE,26
26.625,249.625,-110.375,TRUE,26
26.625,249.875,-110.125,TRUE,26
26.625,250.125,-109.875,FALSE,26
26.625,250.375,-109.625,FALSE,26
26.625,250.625,-109.375,FALSE,26
26.875,243.875,-116.125,FALSE,26
26.875,244.125,-115.875,FALSE,26
26.875,244.375,-115.625,FALSE,26
26.875,244.625,-115.375,FALSE,26
26.875,244.875,-115.125,FALSE,26
26.875,245.125,-114.875,FALSE,26
26.875,245.375,-114.625,FALSE,26
26.875,245.625,-114.375,FALSE,26
26.875,245.875,-114.125,FALSE,26
26.875,246.125,-113.875,FALSE,26
26.875,248.125,-111.875,TRUE,26
26.875,248.375,-111.625,TRUE,26
26.875,248.625,-111.375,TRUE,26
26.875,248.875,-111.125,TRUE,26
26.875,249.125,-110.875,TRUE,26
26.875,249.375,-110.625,TRUE,26
26.875,249.625,-110.375,TRUE,26
26.875,249.875,-110.125,FALSE,26
26.875,250.125,-109.875,FALSE,26
27.125,243.875,-116.125,FALSE,27
27.125,244.125,-115.875,FALSE,27
27.125,244.375,-115.625,FALSE,27
27.125,244.625,-115.375,FALSE,27
27.125,244.875,-115.125,FALSE,27
27.125,245.125,-114.875,FALSE,27
27.125,245.375,-114.625,FALSE,27
27.125,245.625,-114.375,FALSE,27
27.125,245.875,-114.125,FALSE,27
27.125,248.125,-111.875,TRUE,27
27.125,248.375,-111.625,TRUE,27
27.125,248.625,-111.375,TRUE,27
27.125,248.875,-111.125,TRUE,27
27.125,249.125,-110.875,TRUE,27
27.125,249.375,-110.625,TRUE,27
27.125,249.625,-110.375,FALSE,27
27.125,249.875,-110.125,FALSE,27
27.375,243.875,-116.125,FALSE,27
27.375,244.125,-115.875,FALSE,27
27.375,244.375,-115.625,FALSE,27
27.375,244.625,-115.375,FALSE,27
27.375,244.875,-115.125,FALSE,27
27.375,245.125,-114.875,FALSE,27
27.375,245.375,-114.625,FALSE,27
27.375,247.875,-112.125,TRUE,27
27.375,248.125,-111.875,TRUE,27
27.375,248.375,-111.625,TRUE,27
27.375,248.625,-111.375,TRUE,27
27.375,248.875,-111.125,TRUE,27
27.375,249.125,-110.875,TRUE,27
27.375,249.375,-110.625,TRUE,27
27.625,243.875,-116.125,FALSE,27
27.625,244.125,-115.875,FALSE,27
27.625,244.375,-115.625,FALSE,27
27.625,244.625,-115.375,FALSE,27
27.625,244.875,-115.125,FALSE,27
27.625,245.125,-114.875,FALSE,27
27.625,247.625,-112.375,TRUE,27
27.625,247.875,-112.125,TRUE,27
27.625,248.125,-111.875,TRUE,27
27.625,248.375,-111.625,TRUE,27
27.625,248.625,-111.375,TRUE,27
27.625,248.875,-111.125,TRUE,27
27.625,249.125,-110.875,TRUE,27
27.625,249.375,-110.625,FALSE,27
27.875,243.875,-116.125,FALSE,27
27.875,244.125,-115.875,FALSE,27
27.875,244.375,-115.625,FALSE,27
27.875,244.625,-115.375,FALSE,27
27.875,244.875,-115.125,FALSE,27
27.875,245.125,-114.875,FALSE,27
27.875,245.375,-114.625,FALSE,27
27.875,245.625,-114.375,FALSE,27
27.875,247.375,-112.625,TRUE,27
27.875,247.625,-112.375,TRUE,27
27.875,247.875,-112.125,TRUE,27
27.875,248.125,-111.875,TRUE,27
27.875,248.375,-111.625,TRUE,27
27.875,248.625,-111.375,TRUE,27
27.875,248.875,-111.125,TRUE,27
27.875,249.125,-110.875,TRUE,27
27.875,249.375,-110.625,FALSE,27
28.125,243.875,-116.125,FALSE,28
28.125,244.125,-115.875,FALSE,28
28.125,244.375,-115.625,FALSE,28
28.125,244.625,-115.375,FALSE,28
28.125,244.875,-115.125,FALSE,28
28.125,245.125,-114.875,FALSE,28
28.125,245.375,-114.625,FALSE,28
28.125,245.625,-114.375,FALSE,28
28.125,245.875,-114.125,FALSE,28
28.125,247.375,-112.625,TRUE,28
28.125,247.625,-112.375,TRUE,28
28.125,247.875,-112.125,TRUE,28
28.125,248.125,-111.875,TRUE,28
28.125,248.375,-111.625,TRUE,28
28.125,248.625,-111.375,TRUE,28
28.375,243.875,-116.125,FALSE,28
28.375,244.125,-115.875,FALSE,28
28.375,244.375,-115.625,FALSE,28
28.375,244.625,-115.375,FALSE,28
28.375,244.875,-115.125,FALSE,28
28.375,245.125,-114.875,FALSE,28
28.375,245.375,-114.625,FALSE,28
28.375,245.625,-114.375,FALSE,28
28.375,245.875,-114.125,FALSE,28
28.375,247.125,-112.875,TRUE,28
28.375,247.375,-112.625,TRUE,28
28.375,247.625,-112.375,TRUE,28
28.375,247.875,-112.125,TRUE,28
28.375,248.125,-111.875,TRUE,28
28.375,248.375,-111.625,TRUE,28
28.625,243.875,-116.125,FALSE,28
28.625,244.125,-115.875,FALSE,28
28.625,244.375,-115.625,FALSE,28
28.625,244.625,-115.375,FALSE,28
28.625,244.875,-115.125,FALSE,28
28.625,245.125,-114.875,FALSE,28
28.625,245.375,-114.625,FALSE,28
28.625,245.625,-114.375,FALSE,28
28.625,245.875,-114.125,FALSE,28
28.625,246.875,-113.125,TRUE,28
28.625,247.125,-112.875,TRUE,28
28.625,247.375,-112.625,TRUE,28
28.625,247.625,-112.375,TRUE,28
28.625,247.875,-112.125,TRUE,28
28.625,248.125,-111.875,TRUE,28
28.875,243.875,-116.125,FALSE,28
28.875,244.125,-115.875,FALSE,28
28.875,244.375,-115.625,FALSE,28
28.875,244.625,-115.375,FALSE,28
28.875,244.875,-115.125,FALSE,28
28.875,245.125,-114.875,FALSE,28
28.875,245.375,-114.625,FALSE,28
28.875,245.625,-114.375,FALSE,28
28.875,246.875,-113.125,TRUE,28
28.875,247.125,-112.875,TRUE,28
28.875,247.375,-112.625,TRUE,28
28.875,247.875,-112.125,TRUE,28
29.125,243.875,-116.125,FALSE,29
29.125,244.125,-115.875,FALSE,29
29.125,244.375,-115.625,FALSE,29
29.125,244.625,-115.375,FALSE,29
29.125,244.875,-115.125,FALSE,29
29.125,245.125,-114.875,FALSE,29
29.125,245.375,-114.625,FALSE,29
29.125,246.625,-113.375,TRUE,29
29.125,246.875,-113.125,TRUE,29
29.125,247.125,-112.875,TRUE,29
29.125,247.375,-112.625,TRUE,29
29.375,243.875,-116.125,FALSE,29
29.375,244.125,-115.875,FALSE,29
29.375,244.375,-115.625,FALSE,29
29.375,244.625,-115.375,FALSE,29
29.375,244.875,-115.125,FALSE,29
29.375,245.125,-114.875,FALSE,29
29.375,246.375,-113.625,TRUE,29
29.375,246.625,-113.375,TRUE,29
29.375,246.875,-113.125,TRUE,29
29.375,247.125,-112.875,TRUE,29
29.375,247.375,-112.625,TRUE,29
29.375,247.625,-112.375,TRUE,29
29.625,243.875,-116.125,FALSE,29
29.625,244.125,-115.875,FALSE,29
29.625,244.375,-115.625,FALSE,29
29.625,244.625,-115.375,FALSE,29
29.625,245.875,-114.125,TRUE,29
29.625,246.125,-113.875,TRUE,29
29.625,246.375,-113.625,TRUE,29
29.625,246.625,-113.375,TRUE,29
29.625,246.875,-113.125,TRUE,29
29.625,247.125,-112.875,TRUE,29
29.625,247.375,-112.625,TRUE,29
29.875,243.875,-116.125,FALSE,29
29.875,244.125,-115.875,FALSE,29
29.875,245.625,-114.375,FALSE,29
29.875,245.875,-114.125,TRUE,29
29.875,246.125,-113.875,TRUE,29
29.875,246.375,-113.625,TRUE,29
29.875,246.625,-113.375,TRUE,29
29.875,246.875,-113.125,TRUE,29
29.875,247.125,-112.875,TRUE,29
29.875,247.375,-112.625,TRUE,29
30.125,243.875,-116.125,FALSE,30
30.125,244.125,-115.875,FALSE,30
30.125,245.375,-114.625,FALSE,30
30.125,245.625,-114.375,TRUE,30
30.125,245.875,-114.125,TRUE,30
30.125,246.125,-113.875,TRUE,30
30.125,246.375,-113.625,TRUE,30
30.125,246.625,-113.375,TRUE,30
30.125,246.875,-113.125,TRUE,30
30.125,247.125,-112.875,FALSE,30
30.375,243.875,-116.125,FALSE,30
30.375,244.125,-115.875,FALSE,30
30.375,245.375,-114.625,FALSE,30
30.375,245.625,-114.375,TRUE,30
30.375,245.875,-114.125,TRUE,30
30.375,246.125,-113.875,TRUE,30
30.375,246.375,-113.625,TRUE,30
30.375,246.625,-113.375,TRUE,30
30.375,246.875,-113.125,FALSE,30
30.375,247.125,-112.875,FALSE,30
30.625,243.875,-116.125,FALSE,30
30.625,245.375,-114.625,TRUE,30
30.625,245.625,-114.375,TRUE,30
30.625,245.875,-114.125,TRUE,30
30.625,246.125,-113.875,TRUE,30
30.625,246.375,-113.625,TRUE,30
30.625,246.625,-113.375,FALSE,30
30.625,246.875,-113.125,FALSE,30
30.875,243.875,-116.125,FALSE,30
30.875,245.375,-114.625,TRUE,30
30.875,245.625,-114.375,TRUE,30
30.875,245.875,-114.125,TRUE,30
30.875,246.125,-113.875,TRUE,30
30.875,246.375,-113.625,FALSE,30
30.875,246.625,-113.375,FALSE,30
30.875,246.875,-113.125,FALSE,30
31.125,245.125,-114.875,TRUE,31
31.125,245.375,-114.625,TRUE,31
31.125,245.625,-114.375,TRUE,31
31.125,245.875,-114.125,TRUE,31
31.125,246.125,-113.875,FALSE,31
31.125,246.375,-113.625,FALSE,31
31.125,246.625,-113.375,FALSE,31
31.125,246.875,-113.125,FALSE,31
31.375,245.125,-114.875,TRUE,31
31.375,245.375,-114.625,TRUE,31
31.375,245.625,-114.375,TRUE,31
31.375,245.875,-114.125,FALSE,31
31.375,246.125,-113.875,FALSE,31
31.375,246.375,-113.625,FALSE,31
31.625,245.375,-114.625,TRUE,31
31.625,245.625,-114.375,FALSE,31
31.625,246.125,-113.875,FALSE,31
