cell,Reef,lat,lon,dist_km,sst_mean_lt,sst_winter_lt,sst_summer_lt
21.875 253.375,SAN_JUANITO_20,21.708731,-106.675311,19.2041509183733,26.7108392079936,24.1440982404692,29.5062269322127
21.875 253.375,MARIA_MADRE_15,21.599441,-106.631441,30.6479842540454,26.7108392079936,24.1440982404692,29.5062269322127
21.875 253.375,SAN_JUANITO_17,21.773131,-106.670001,12.2428125078361,26.7108392079936,24.1440982404692,29.5062269322127
21.875 253.375,SAN_JUANITO_19,21.738611,-106.701741,17.1104581550801,26.7108392079936,24.1440982404692,29.5062269322127
21.875 253.375,SAN_JUANITO_18,21.741171,-106.701771,16.8600898178571,26.7108392079936,24.1440982404692,29.5062269322127
21.875 253.375,MARIA_MADRE_16,21.662981,-106.537341,25.2535566550892,26.7108392079936,24.1440982404692,29.5062269322127
21.875 253.375,MARIA_MADRE_14,21.539851,-106.531291,38.5037845810751,26.7108392079936,24.1440982404692,29.5062269322127
21.875 253.375,MARIA_MADRE_2,21.569751,-106.513011,35.859371941717,26.7108392079936,24.1440982404692,29.5062269322127
21.875 253.375,SAN_JUANITO_23,21.754321,-106.660101,13.8995268380844,26.7108392079936,24.1440982404692,29.5062269322127
21.875 253.375,SAN_JUANITO_25,21.738761,-106.703351,17.1733334951297,26.7108392079936,24.1440982404692,29.5062269322127
21.875 253.375,SAN_JUANITO_24,21.761481,-106.661421,13.170765268176,26.7108392079936,24.1440982404692,29.5062269322127
21.875 253.375,MARIA_MADRE_22,21.698651,-106.653311,19.8257993830071,26.7108392079936,24.1440982404692,29.5062269322127
21.875 253.375,MARIA_MADRE_21,21.698441,-106.663601,20.0329494492191,26.7108392079936,24.1440982404692,29.5062269322127
21.875 253.625,MARIA_MAGDALENA_8,21.458634,-106.355358,46.3422596980844,26.8490682277938,24.2574321847507,29.6587575369998
21.875 253.625,MARIA_MAGDALENA_4,21.421121,-106.415001,50.6380841895443,26.8490682277938,24.2574321847507,29.6587575369998
21.875 253.625,MARIA_MAGDALENA_5,21.434606,-106.446997,49.5316372822322,26.8490682277938,24.2574321847507,29.6587575369998
21.875 253.625,MARIA_MAGDALENA_3,21.421371,-106.384961,50.4517479670167,26.8490682277938,24.2574321847507,29.6587575369998
21.875 253.625,MARIA_MAGDALENA_6,21.450911,-106.484891,48.5046820030595,26.8490682277938,24.2574321847507,29.6587575369998
21.875 253.625,MARIA_MAGDALENA_7,21.465491,-106.498591,47.2924285408616,26.8490682277938,24.2574321847507,29.6587575369998
22.875 250.125,ANEGADA,22.8785545,-109.8988365,2.47379614443419,24.7743131245019,22.8669226539589,28.0215567330532
22.875 250.125,CHILENO,22.946031,-109.803661,10.7597301317243,24.7743131245019,22.8669226539589,28.0215567330532
22.875 250.125,SANTA_MARIA,22.927461,-109.815316,8.4500133297826,24.7743131245019,22.8669226539589,28.0215567330532
22.875 250.125,CABEZA_BALLENA_CSL,22.902206,-109.842622,4.48918386262161,24.7743131245019,22.8669226539589,28.0215567330532
22.875 250.125,GIORGIO,22.896039,-109.866002,2.51447806348808,24.7743131245019,22.8669226539589,28.0215567330532
22.875 250.125,GAVILANCITO_CSL,22.939631,-109.806361,10.0535659030251,24.7743131245019,22.8669226539589,28.0215567330532
22.875 250.125,ARCO_SAN_LUCAS,22.876139,-109.892835,1.83157245373501,24.7743131245019,22.8669226539589,28.0215567330532
22.875 250.125,DEDO_NEPTUNO,22.877203,-109.895233,2.08727850493064,24.7743131245019,22.8669226539589,28.0215567330532
22.875 250.125,PUNTA_OLMECA_CSL,22.897225,-109.874944,2.47131390310256,24.7743131245019,22.8669226539589,28.0215567330532
22.875 250.125,PARED NORTE,22.880031,-109.902316,2.85383989916948,24.7743131245019,22.8669226539589,28.0215567330532
22.875 250.125,CASA_ROJA_CSL,22.898756,-109.856611,3.24444568243058,24.7743131245019,22.8669226539589,28.0215567330532
22.875 250.125,BAJO_GOLFITO_SAN_LUCAS,22.875908,-109.890698,1.61142106735018,24.7743131245019,22.8669226539589,28.0215567330532
22.875 250.375,PALMILLA_ESCALONES,22.99705,-109.72245,16.8453820306425,25.1556881015141,22.9256763196481,28.4311109080943
22.875 250.375,PALMILLA_REGINA,22.98855,-109.732367,16.742571538021,25.1556881015141,22.9256763196481,28.4311109080943
23.125 250.375,PALMILLA_SAN_JOSE,23.005917,-109.711367,15.9187753108968,25.328508551462,22.7876026392962,28.6939210670565
23.375 250.625,LINEA,23.319897,-109.417391,7.50141761190788,25.4649445227733,22.4246444281525,29.0108404896766
23.375 250.625,BLEDITO,23.361148,-109.421591,4.99895125993979,25.4649445227733,22.4246444281525,29.0108404896766
23.375 250.625,GAVILANES_CABO_PULMO,23.452161,-109.424501,9.95629966064818,25.4649445227733,22.4246444281525,29.0108404896766
23.375 250.625,TACHUELAS,23.492131,-109.457481,15.5063488727877,25.4649445227733,22.4246444281525,29.0108404896766
23.375 250.625,BARRA_PRIMERA,23.434781,-109.424377,8.34121542835745,25.4649445227733,22.4246444281525,29.0108404896766
23.375 250.625,CASITAS,23.403539,-109.414811,5.15544506664783,25.4649445227733,22.4246444281525,29.0108404896766
23.375 250.625,LISAS,23.458291,-109.428915,10.7722106909379,25.4649445227733,22.4246444281525,29.0108404896766
23.375 250.625,PEDREGALITO,23.40024,-109.41598,5.03677776167473,25.4649445227733,22.4246444281525,29.0108404896766
23.375 250.625,PIEDRAS_BOLAS,23.355254,-109.422322,5.30606184339887,25.4649445227733,22.4246444281525,29.0108404896766
23.375 250.625,ISLOTE_CABO_PULMO,23.4079945,-109.413335,5.36344408511662,25.4649445227733,22.4246444281525,29.0108404896766
23.375 250.625,LOBERA_CABO_PULMO,23.384551,-109.412618,3.98366378529797,25.4649445227733,22.4246444281525,29.0108404896766
23.375 250.625,POTANCO,23.381516,-109.420505,4.7007067226863,25.4649445227733,22.4246444281525,29.0108404896766
23.375 250.625,CANTIL_MEDIO,23.434309,-109.414791,7.74467290243366,25.4649445227733,22.4246444281525,29.0108404896766
23.375 250.625,MORROS_CABO_PULMO,23.461938,-109.407203,10.2102360913975,25.4649445227733,22.4246444281525,29.0108404896766
23.375 250.625,NAVAJAS,23.446164,-109.416728,8.98594590037395,25.4649445227733,22.4246444281525,29.0108404896766
23.375 250.625,BAJO_CABO_PULMO,23.457861,-109.405463,9.72391602263163,25.4649445227733,22.4246444281525,29.0108404896766
23.375 250.625,ESPERANZA,23.424715,-109.408303,6.48919354569572,25.4649445227733,22.4246444281525,29.0108404896766
23.375 250.625,CANTILES_CABO_PULMO,23.438823,-109.410821,7.98285144496492,25.4649445227733,22.4246444281525,29.0108404896766
23.375 250.625,PIBE,23.44234,-109.40888,8.24745310837861,25.4649445227733,22.4246444281525,29.0108404896766
23.375 250.625,ARRECIFE_MARIO,23.425523,-109.404161,6.35740368665034,25.4649445227733,22.4246444281525,29.0108404896766
23.375 250.625,CANTIL_SUR,23.43515,-109.41498,7.83447721615749,25.4649445227733,22.4246444281525,29.0108404896766
24.125 250.125,PUNTA_GORDA,24.169829,-110.017467,15.2907306273905,25.1712683136149,21.6988709677419,28.938808697241
24.125 250.125,PUNTA_RESBALADILLA,24.195521,-110.060151,20.3554784818612,25.1712683136149,21.6988709677419,28.938808697241
24.125 250.125,PUNTA_ARENAS,24.043448,-109.825199,10.3822088286508,25.1712683136149,21.6988709677419,28.938808697241
24.125 250.125,VENTANA_SUR,24.040614,-109.892769,9.55510680290562,25.1712683136149,21.6988709677419,28.938808697241
24.125 250.125,CERRALVO_BALISA,24.144871,-109.863211,2.5126146709229,25.1712683136149,21.6988709677419,28.938808697241
24.125 250.125,PUNTA_PERICO,24.014233,-109.806733,14.1329179505008,25.1712683136149,21.6988709677419,28.938808697241
24.125 250.125,CERRALVO_PUNTA_SUR_ESTE,24.136251,-109.801504,7.56244374316568,25.1712683136149,21.6988709677419,28.938808697241
24.125 250.125,CERRALVO_SUR_BAJO,24.129707,-109.797021,7.93066432578367,25.1712683136149,21.6988709677419,28.938808697241
24.125 250.125,BAHIA_MUERTOS,23.991537,-109.825428,15.6707380222867,25.1712683136149,21.6988709677419,28.938808697241
24.375 249.375,ROFOMEX,24.395547,-110.682765,6.28047393995812,24.5048323423037,21.4581946480938,28.2254394299287
24.375 249.625,BALANDRA_CARDON,24.318203,-110.338169,7.33538895103893,24.6343051553975,21.4699560117302,28.3751690115111
24.375 249.625,ESPIRITU_SANTO_BALLENA,24.480815,-110.4046775,12.1436567686108,24.6343051553975,21.4699560117302,28.3751690115111
24.375 249.625,ESPIRITU_SANTO_PUNTA_LOBOS,24.475421,-110.289305,14.1407186290346,24.6343051553975,21.4699560117302,28.3751690115111
24.375 249.625,ESPIRITU_SANTO_SAN_GABRIEL,24.413891,-110.354441,4.79955467987773,24.6343051553975,21.4699560117302,28.3751690115111
24.375 249.625,ESPIRITU_SANTO_DISPENSA,24.400494,-110.348259,3.92048111144702,24.6343051553975,21.4699560117302,28.3751690115111
24.375 249.625,ESPIRITU_SANTO_BONANZA,24.455518,-110.29038,12.3922598366094,24.6343051553975,21.4699560117302,28.3751690115111
24.375 249.625,ESPIRITU_SANTO_CATEDRAL,24.441111,-110.37475,7.35125138065281,24.6343051553975,21.4699560117302,28.3751690115111
24.375 249.625,GAVIOTA,24.287493,-110.340691,10.3326142509736,24.6343051553975,21.4699560117302,28.3751690115111
24.375 249.625,ESPIRITU_SANTO_GALLO,24.466619,-110.385076,10.2385190009181,24.6343051553975,21.4699560117302,28.3751690115111
24.375 249.625,MERITO,24.300681,-110.338561,9.05102173453233,24.6343051553975,21.4699560117302,28.3751690115111
24.375 249.625,ESPIRITU_SANTO_PUNTA_GALLINA,24.458766,-110.370791,9.3240982138664,24.6343051553975,21.4699560117302,28.3751690115111
24.375 249.625,ESPIRITU_SANTO_EMPACHADO,24.447221,-110.378331,8.03768838427146,24.6343051553975,21.4699560117302,28.3751690115111
24.375 249.625,ESPIRITU_SANTO_GALLINA,24.456504,-110.383984,9.1083670488417,24.6343051553975,21.4699560117302,28.3751690115111
24.375 249.625,BALANDRA,24.321321,-110.317736,8.32346133159264,24.6343051553975,21.4699560117302,28.3751690115111
24.375 249.625,ESPIRITU_SANTO_GALLO2,24.46525,-110.38735,10.1129422283075,24.6343051553975,21.4699560117302,28.3751690115111
24.375 249.625,MERITO_NORTE,24.302277,-110.338071,8.91000451397927,24.6343051553975,21.4699560117302,28.3751690115111
24.375 249.625,ESPIRITU_SANTO_PUNTA_RAZA,24.475166,-110.386916,11.203097314955,24.6343051553975,21.4699560117302,28.3751690115111
24.375 249.625,NEPOMUCENO,24.258791,-110.337034,13.4823716992305,24.6343051553975,21.4699560117302,28.3751690115111
24.375 249.625,PUNTA_DIABLO,24.312799,-110.337202,7.90571012768226,24.6343051553975,21.4699560117302,28.3751690115111
24.375 249.625,PUNTA_SAN_RAFAELITO,24.295016,-110.337661,9.66494499423924,24.6343051553975,21.4699560117302,28.3751690115111
24.375 249.625,ESPIRITU_SANTO_SOANY,24.391116,-110.304853,7.32680476146203,24.6343051553975,21.4699560117302,28.3751690115111
24.375 249.625,ESPIRITU_SANTO_AYLA_NAVAJAS,24.401222,-110.349222,3.91368382830771,24.6343051553975,21.4699560117302,28.3751690115111
24.375 249.625,ESPIRITU_SANTO_MORRITOS,24.421083,-110.313417,8.07140504555007,24.6343051553975,21.4699560117302,28.3751690115111
24.375 249.625,ESPIRITU_SANTO_PUNTA_GALLO,24.466166,-110.374666,10.1372530861179,24.6343051553975,21.4699560117302,28.3751690115111
24.375 249.625,CALERITA,24.354349,-110.283917,9.50742464903758,24.6343051553975,21.4699560117302,28.3751690115111
24.375 249.625,MOGOTE,24.149561,-110.367771,25.0783825345367,24.6343051553975,21.4699560117302,28.3751690115111
24.375 249.625,ESPIRITU_SANTO_C59,24.43973,-110.37683,7.20003246760604,24.6343051553975,21.4699560117302,28.3751690115111
24.375 249.625,ESPIRITU_SANTO_CATEDRAL_BAJO,24.445061,-110.385906,7.86830495578603,24.6343051553975,21.4699560117302,28.3751690115111
24.375 249.625,ESPIRITU_SANTO_SALVATIERRA,24.384111,-110.294241,8.24175738426778,24.6343051553975,21.4699560117302,28.3751690115111
24.375 249.625,ESPIRITU_SANTO_FANG_MING,24.4447,-110.38135,7.77691150620888,24.6343051553975,21.4699560117302,28.3751690115111
24.375 249.625,ESPIRITU_SANTO_BONANZA_BAJO,24.450774,-110.281224,12.6944556293407,24.6343051553975,21.4699560117302,28.3751690115111
24.375 249.875,MUERTOS,24.249722,-110.150001,14.1587767747879,24.8297707349966,21.474448313783,28.6278256897497
24.375 249.875,ISLOTE_ROSARIO,24.251111,-110.149041,13.9895764838308,24.8297707349966,21.474448313783,28.6278256897497
24.375 249.875,PUNTA_GRIETA,24.278151,-110.184031,12.318605071547,24.8297707349966,21.474448313783,28.6278256897497
24.375 249.875,CRUCES,24.216311,-110.088871,18.0213089252154,24.8297707349966,21.474448313783,28.6278256897497
24.375 249.875,PUNTA_PALMA,24.222161,-110.107911,17.0829373509778,24.8297707349966,21.474448313783,28.6278256897497
24.375 249.875,PULGUERO,24.351467,-110.245671,12.5000719831787,24.8297707349966,21.474448313783,28.6278256897497
24.375 250.125,CERRALVO_CARPINTERO,24.3250655,-109.9400135,8.61431508833924,25.0564071599338,21.5461345307918,28.8968116206834
24.375 250.125,CERRALVO_NORTE,24.374969,-109.932606,5.83453531702632,25.0564071599338,21.5461345307918,28.8968116206834
24.375 250.125,CERRALVO_REINA,24.388762,-109.939961,6.75473654355487,25.0564071599338,21.5461345307918,28.8968116206834
24.625 249.375,PORTUGUES,24.747083,-110.677231,14.5646177355002,24.5431220498989,21.3415377565982,28.3761355746391
24.625 249.375,PUNTA_COYOTE,24.706066,-110.688271,11.051303810783,24.5431220498989,21.3415377565982,28.3761355746391
24.625 249.625,ESPIRITU_SANTO_ISLOTES_ESTE,24.598899,-110.399831,3.83726695341475,24.6605412860909,21.3289149560117,28.5314580668737
24.625 249.625,ESPIRITU_SANTO_TIJERETAS,24.571596,-110.414701,7.16759597132167,24.6605412860909,21.3289149560117,28.5314580668737
24.625 249.625,ESPIRITU_SANTO_MUELLECITOS_SOMERO,24.58575,-110.38321,4.4426254037206,24.6605412860909,21.3289149560117,28.5314580668737
24.625 249.625,ESPIRITU_SANTO_ISLOTES_NORTE,24.599432,-110.401188,3.88479365084717,24.6605412860909,21.3289149560117,28.5314580668737
24.625 249.625,ESPIRITU_SANTO_PAILEBOTE,24.504571,-110.308406,14.9892519959242,24.6605412860909,21.3289149560117,28.5314580668737
24.625 249.625,ESPIRITU_SANTO_PARTIDA_NORESTE,24.562008,-110.366446,7.05758455136616,24.6605412860909,21.3289149560117,28.5314580668737
24.625 249.625,ESPIRITU_SANTO_CARDONAL,24.53703,-110.39948,10.0901624398667,24.6605412860909,21.3289149560117,28.5314580668737
24.625 249.625,ESPIRITU_SANTO_MONO,24.506389,-110.325278,14.1149883245781,24.6605412860909,21.3289149560117,28.5314580668737
24.625 249.625,ESPIRITU_SANTO_ARCO_PUNTA_ESTE,24.523333,-110.334444,12.0257730041488,24.6605412860909,21.3289149560117,28.5314580668737
24.625 249.625,ESPIRITU_SANTO_ISLOTES_SOMERO,24.5983,-110.40081,3.95251519190029,24.6605412860909,21.3289149560117,28.5314580668737
24.625 249.625,ESPIRITU_SANTO_BAJO,24.687731,-110.262588,13.3306196606915,24.6605412860909,21.3289149560117,28.5314580668737
24.625 249.625,ESPIRITU_SANTO_ISLOTES,24.5982475,-110.4003095,3.92372269232958,24.6605412860909,21.3289149560117,28.5314580668737
24.625 249.625,ESPIRITU_SANTO_BAJITO,24.596666,-110.40808,4.59453980905705,24.6605412860909,21.3289149560117,28.5314580668737
24.625 249.625,ESPIRITU_SANTO_MUELLECITOS_PROFUNDO,24.57735,-110.37958,5.31863313647764,24.6605412860909,21.3289149560117,28.5314580668737
24.875 249.375,PARDITO_FARO_LOBERA,24.842937,-110.605687,4.06297056880816,24.5928578434378,21.1209677419355,28.6221542115841
24.875 249.375,SAN_FRANCISCO_PUNTA_SUR,24.813921,-110.564321,9.14412250236607,24.5928578434378,21.1209677419355,28.6221542115841
24.875 249.375,SAN_FRANCISCO_PUNTA_NORTE_FARO,24.842971,-110.566011,6.93575568789508,24.5928578434378,21.1209677419355,28.6221542115841
24.875 249.375,SAN_EVARISTO_PUNTA_NORTE,24.919291,-110.702781,9.26283531406363,24.5928578434378,21.1209677419355,28.6221542115841
24.875 249.375,PARDITO_REFUGIO,24.853533,-110.579633,5.16203617113135,24.5928578434378,21.1209677419355,28.6221542115841
24.875 249.375,ARCO_PUNTA_ALTA,24.991151,-110.749478,18.0095305992529,24.5928578434378,21.1209677419355,28.6221542115841
24.875 249.375,PARDITO_ARRECIFE,24.851796,-110.585851,4.71776315914575,24.5928578434378,21.1209677419355,28.6221542115841
24.875 249.375,PARDITO_CAYO,24.873233,-110.603751,2.15258143438103,24.5928578434378,21.1209677419355,28.6221542115841
24.875 249.375,CUEVAS,24.952031,-110.733271,13.877638469217,24.5928578434378,21.1209677419355,28.6221542115841
24.875 249.375,PUNTA_MECHUDO,24.809281,-110.659191,8.08110829895082,24.5928578434378,21.1209677419355,28.6221542115841
24.875 249.375,SAN_JOSE_PUNTA_SUR,24.884011,-110.525311,10.1059650186076,24.5928578434378,21.1209677419355,28.6221542115841
24.875 249.375,SAN_FRANCISQUITO_ADENTRO_BAJO,24.810612,-110.530208,11.9477938476962,24.5928578434378,21.1209677419355,28.6221542115841
24.875 249.375,SAN_FRANCISQUITO_AFUERA_BAJO,24.810008,-110.520191,12.8091470089227,24.5928578434378,21.1209677419355,28.6221542115841
24.875 249.375,PARDITO_BAJO,24.8392125,-110.6085945,4.30990235798315,24.5928578434378,21.1209677419355,28.6221542115841
24.875 249.375,SAN_FRANCISQUITO_1M_BAJO,24.810348,-110.579678,8.52032029722299,24.5928578434378,21.1209677419355,28.6221542115841
24.875 249.375,BOTAFUEGO,24.763685,-110.664045,12.9897977201744,24.5928578434378,21.1209677419355,28.6221542115841
25.125 249.125,BURROS,25.032361,-110.803731,12.555042063392,24.5195476000736,20.8247727272727,28.7389183263293
25.125 249.125,REFUGIO_MORENA,25.245621,-110.922071,14.224202231264,24.5195476000736,20.8247727272727,28.7389183263293
25.125 249.125,HABANA,25.129622,-110.861048,1.4956525937023,24.5195476000736,20.8247727272727,28.7389183263293
25.125 249.125,MONTEALBAN,25.209148,-110.915061,10.1884734482826,24.5195476000736,20.8247727272727,28.7389183263293
25.125 249.375,SAN_JOSE_ANIMAS_NORTE,25.089485,-110.566779,7.06828400742887,24.6032403604487,20.8662939882698,28.8256605152567
25.125 249.375,SAN_DIEGO_ABNEGADO,25.182633,-110.710011,10.690206660741,24.6032403604487,20.8662939882698,28.8256605152567
25.125 249.375,SAN_DIEGUITO_NORTE,25.203031,-110.694921,11.17154316459,24.6032403604487,20.8662939882698,28.8256605152567
25.125 249.375,CALABOZO,25.106564,-110.703969,8.21075893903412,24.6032403604487,20.8662939882698,28.8256605152567
25.125 249.375,SAN_JOSE_ANIMAS_PINACULOS,25.089468,-110.566743,7.07234676941814,24.6032403604487,20.8662939882698,28.8256605152567
25.125 249.375,PUNTA_TS,25.031541,-110.589031,11.0054459740768,24.6032403604487,20.8662939882698,28.8256605152567
25.125 249.375,SAN_JOSE_BAJO,25.118739,-110.708488,8.43407428175594,24.6032403604487,20.8662939882698,28.8256605152567
25.375 249.125,NIDOS,25.277751,-110.933121,12.2905689416586,24.5295261447925,20.7103024193548,28.8282550703453
25.375 249.125,PUNTA_BOTELLA,25.292517,-110.93405,10.9242601295953,24.5295261447925,20.7103024193548,28.8282550703453
25.375 249.125,SAN_MATEO_NORTE,25.365767,-110.984417,11.0410649375696,24.5295261447925,20.7103024193548,28.8282550703453
25.375 249.125,SAN_MATEO_SUR,25.356511,-110.981141,10.8608514732627,24.5295261447925,20.7103024193548,28.8282550703453
25.375 249.125,CARRIZALITO,25.347233,-110.978601,10.857926286672,24.5295261447925,20.7103024193548,28.8282550703453
25.375 249.125,SAN_CARLOS,25.330172,-110.953441,9.32608135783739,24.5295261447925,20.7103024193548,28.8282550703453
25.375 249.375,SANTA_CRUZ_NORTE,25.306181,-110.712471,11.6546222179748,24.6208618892908,20.687965542522,28.9724684816371
25.375 249.375,SANTA_CRUZ_SUR,25.259452,-110.717971,15.8873820626037,24.6208618892908,20.687965542522,28.9724684816371
25.625 248.875,MONSERRAT_PUNTA_SURESTE,25.675881,-111.011271,12.7265850423455,24.4012388892295,20.5251301319648,28.7623570253974
25.625 248.875,MONSERRAT_REINITA,25.747822,-111.060217,15.1215281338894,24.4012388892295,20.5251301319648,28.7623570253974
25.625 248.875,MONSERRAT_GALERAS,25.742757,-111.046611,15.269494952687,24.4012388892295,20.5251301319648,28.7623570253974
25.625 248.875,PUNTA_BERRENDO,25.510458,-111.015583,16.8128905533458,24.4012388892295,20.5251301319648,28.7623570253974
25.625 248.875,ISLOTE_AGUA_VERDE,25.5325745,-111.0637725,11.9721697935741,24.4012388892295,20.5251301319648,28.7623570253974
25.625 248.875,REFUGIO_SAN_MARCIAL,25.530862,-111.004843,15.9627678109693,24.4012388892295,20.5251301319648,28.7623570253974
25.625 248.875,MONSERRAT_PUNTA_NOROESTE,25.708457,-111.059881,11.3451585642793,24.4012388892295,20.5251301319648,28.7623570253974
25.625 248.875,MONSERRAT_PUNTA_PLANA,25.660023,-111.045328,8.88549402437367,24.4012388892295,20.5251301319648,28.7623570253974
25.625 248.875,BARRA_SAN_COSME,25.568533,-111.143117,6.53641107490106,24.4012388892295,20.5251301319648,28.7623570253974
25.625 248.875,LORETO_ISLOTE_BLANCO,25.743735,-111.225664,16.6152669434535,24.4012388892295,20.5251301319648,28.7623570253974
25.625 248.875,LORETO_SAN_COSME_CANDELERO,25.679738,-111.174872,7.87628538100127,24.4012388892295,20.5251301319648,28.7623570253974
25.625 248.875,MONSERRAT_GALERAS_ESTE,25.741161,-111.042364,15.3430667857496,24.4012388892295,20.5251301319648,28.7623570253974
25.625 249.125,CATALANA_PUNTA_ARENAS,25.671111,-110.766667,12.0087891511393,24.5040807944584,20.5542302052786,28.8929033436872
25.625 249.125,CATALANA_PUNTA_OESTE,25.685011,-110.799167,10.1144747732346,24.5040807944584,20.5542302052786,28.8929033436872
25.625 249.125,CATALANA_PUNTA_SUR,25.593158,-110.759095,12.14934982404,24.5040807944584,20.5542302052786,28.8929033436872
25.625 249.125,CATALANA_ELEFANTE,25.600935,-110.779707,9.92249955495121,24.5040807944584,20.5542302052786,28.8929033436872
25.625 249.125,CATALANA_PUNTA_NORTE,25.713889,-110.774444,14.1158008188132,24.5040807944584,20.5542302052786,28.8929033436872
25.625 249.125,CATALANA_ANEGADO_SUR,25.600275,-110.755275,12.3154549032819,24.5040807944584,20.5542302052786,28.8929033436872
25.625 249.125,CATALANA_BAJO,25.522776,-110.778288,14.9432278054072,24.5040807944584,20.5542302052786,28.8929033436872
25.875 248.875,CARMEN_ABISMO,25.8419865,-111.2329735,11.4105988005986,24.3617464598786,20.3623753665689,28.8043376575918
25.875 248.875,DANZANTE_PUNTA_SURESTE,25.763561,-111.243521,17.1547697477579,24.3617464598786,20.3623753665689,28.8043376575918
25.875 248.875,DANZANTE_BIZNAGA,25.815202,-111.260062,15.0630420985832,24.3617464598786,20.3623753665689,28.8043376575918
25.875 248.875,DANZANTE_PUNTA_ESTE,25.788956,-111.242819,15.1850603401415,24.3617464598786,20.3623753665689,28.8043376575918
25.875 248.875,DANZANTE_PUNTA_NOROESTE,25.800718,-111.257608,15.6317074845804,24.3617464598786,20.3623753665689,28.8043376575918
25.875 248.875,LORETO_ISLOTE_JUNCALITO,25.841111,-111.315833,19.463360943084,24.3617464598786,20.3623753665689,28.8043376575918
25.875 248.875,CARMEN_PUNTA_PERICO,25.965265,-111.067303,11.5774398952753,24.3617464598786,20.3623753665689,28.8043376575918
25.875 248.875,CARMEN_CUEVITAS,25.940501,-111.201171,10.539955352592,24.3617464598786,20.3623753665689,28.8043376575918
25.875 248.875,LORETO_NOPOLO,25.917222,-111.342222,22.2300389899072,24.3617464598786,20.3623753665689,28.8043376575918
25.875 248.875,CARMEN_PUNTA_MESETA,25.869225,-111.181911,5.73003503694478,24.3617464598786,20.3623753665689,28.8043376575918
25.875 248.875,LORETO_PUNTA_ALTA,25.913908,-111.340281,21.9650515591694,24.3617464598786,20.3623753665689,28.8043376575918
25.875 248.875,LORETO_PUERTO_ESCONDIDO,25.811389,-111.291667,18.1169134772654,24.3617464598786,20.3623753665689,28.8043376575918
25.875 248.875,CARMEN_COCODRILOS,25.972717,-111.185227,12.4233364578101,24.3617464598786,20.3623753665689,28.8043376575918
25.875 248.875,CARMEN_CAMELLO,25.959242,-111.133537,9.40611320585016,24.3617464598786,20.3623753665689,28.8043376575918
25.875 248.875,CARMEN_BAJO_SUR,25.770541,-111.180856,12.8907550115655,24.3617464598786,20.3623753665689,28.8043376575918
26.125 248.625,CORONADO_PUNTA_BLANCA,26.137812,-111.265291,11.0444375897462,24.108992214798,19.9095069648094,28.7077197149644
26.125 248.625,CORONADO_LAJAS,26.126188,-111.258743,11.6071815511464,24.108992214798,19.9095069648094,28.7077197149644
26.125 248.625,CORONADO_MONO,26.135304,-111.279106,9.64145206176028,24.108992214798,19.9095069648094,28.7077197149644
26.125 248.625,LORETO_PUNTA COLORADA,26.153131,-111.357274,3.59381661143707,24.108992214798,19.9095069648094,28.7077197149644
26.125 248.625,LORETO_TEPETATE,26.124722,-111.347501,2.74553324256316,24.108992214798,19.9095069648094,28.7077197149644
26.125 248.625,CORONADO_PUNTA_LOBOS ,26.13287,-111.26103,11.4113874787735,24.108992214798,19.9095069648094,28.7077197149644
26.125 248.625,CORONADO_ISLOTE,26.106821,-111.305713,7.2070735635991,24.108992214798,19.9095069648094,28.7077197149644
26.125 248.875,CARMEN_PUNTA_LOBOS,26.068839,-111.070127,8.30802047700319,24.2520241525164,20.0645124633431,28.8250210122419
26.125 248.875,CARMEN_TINTORERA,26.064886,-111.131847,6.71925091748703,24.2520241525164,20.0645124633431,28.8250210122419
26.125 248.875,CARMEN_CHOYA,26.044271,-111.178879,10.4658454035796,24.2520241525164,20.0645124633431,28.8250210122419
26.375 248.625,SB_2,26.369888,-111.423631,4.87796808124373,24.0721682094036,19.7444079912023,28.7522565320665
26.375 248.625,SB_19,26.383629,-111.427208,5.28854488929984,24.0721682094036,19.7444079912023,28.7522565320665
26.375 248.625,SB_5,26.362517,-111.428161,5.47506527650396,24.0721682094036,19.7444079912023,28.7522565320665
26.375 248.625,SB_21,26.330897,-111.391314,5.1664109859502,24.0721682094036,19.7444079912023,28.7522565320665
26.375 248.625,SB_1,26.379472,-111.423443,4.85135834752543,24.0721682094036,19.7444079912023,28.7522565320665
26.375 248.625,SB_22,26.340247,-111.395133,4.35397632408952,24.0721682094036,19.7444079912023,28.7522565320665
26.375 248.625,SB_A04,26.48872,-111.455,14.9449111155951,24.0721682094036,19.7444079912023,28.7522565320665
26.375 248.625,SB_15,26.368312,-111.427978,5.3299658359819,24.0721682094036,19.7444079912023,28.7522565320665
26.375 248.625,SB_20,26.325542,-111.388156,5.65355468367643,24.0721682094036,19.7444079912023,28.7522565320665
26.375 248.625,SB_17,26.387882,-111.437584,6.39672298435326,24.0721682094036,19.7444079912023,28.7522565320665
26.375 248.625,SB_23,26.348617,-111.399072,3.78923797080126,24.0721682094036,19.7444079912023,28.7522565320665
26.375 248.625,SB_10,26.372988,-111.421002,4.58822448479184,24.0721682094036,19.7444079912023,28.7522565320665
26.375 248.625,SB_18,26.384082,-111.433882,5.95190331231493,24.0721682094036,19.7444079912023,28.7522565320665
26.375 248.625,SB_3,26.349088,-111.412341,4.70560021267805,24.0721682094036,19.7444079912023,28.7522565320665
26.375 248.625,SB_12,26.352066,-111.423231,5.44001201075837,24.0721682094036,19.7444079912023,28.7522565320665
26.375 248.625,SB_4,26.359264,-111.425446,5.32166766371635,24.0721682094036,19.7444079912023,28.7522565320665
26.375 248.625,SB_13,26.356401,-111.426474,5.52957127113393,24.0721682094036,19.7444079912023,28.7522565320665
26.375 248.625,SB_7,26.367948,-111.431686,5.70142238600011,24.0721682094036,19.7444079912023,28.7522565320665
26.375 248.625,SB_11,26.349413,-111.418376,5.17407931410005,24.0721682094036,19.7444079912023,28.7522565320665
26.375 248.625,SB_16,26.398752,-111.457561,8.63758446951805,24.0721682094036,19.7444079912023,28.7522565320665
26.375 248.625,SB_9,26.369437,-111.430568,5.57027956712626,24.0721682094036,19.7444079912023,28.7522565320665
26.375 248.625,SB_8,26.367793,-111.430774,5.61388144480959,24.0721682094036,19.7444079912023,28.7522565320665
26.375 248.625,SB_14,26.364457,-111.431785,5.77738197243998,24.0721682094036,19.7444079912023,28.7522565320665
26.375 248.625,SB_6,26.367831,-111.432951,5.82804202097491,24.0721682094036,19.7444079912023,28.7522565320665
26.625 248.625,PULPITO,26.516189,-111.442401,13.8319498320797,24.032882363759,19.5573222140763,28.817082039101
26.625 248.625,SAN_ILDEFONSO,26.623724,-111.429816,5.4507895015257,24.032882363759,19.5573222140763,28.817082039101
26.625 248.625,SAN_ILDEFONSO_SURESTE,26.626691,-111.424781,4.9519491490909,24.032882363759,19.5573222140763,28.817082039101
26.625 248.625,SB_A02,26.50946,-111.453,15.007815537025,24.032882363759,19.5573222140763,28.817082039101
26.875 248.125,BAHIA_CONCEPCION_COYOTE,26.723622,-111.883718,16.8546907257516,23.7796548764789,19.1871609237537,28.6654759729582
27.125 248.125,INES_GRANDE,27.058929,-111.909899,8.1185297624197,23.7724918776436,19.1380810117302,28.6981856385894
27.125 248.125,INES_CHICA,27.049817,-111.905024,8.87264205670437,23.7724918776436,19.1380810117302,28.6981856385894
27.375 247.875,SAN_MARCOS_ESTE,27.223216,-112.045528,18.614996656985,23.5079084166003,18.8358742668622,28.5584048967659
27.375 247.875,SAN_MARCOS_ISLOTES,27.265951,-112.091868,12.5596999268542,23.5079084166003,18.8358742668622,28.5584048967659
27.375 247.875,SAN_MARCOS_FARO_LEO,27.23977,-112.10944,15.115276545762,23.5079084166003,18.8358742668622,28.5584048967659
27.375 248.125,TORTUGA_PUNTA_OESTE,27.450869,-111.902138,8.85133093756071,23.6954717096794,18.9973295454545,28.7067074730495
27.375 248.125,TORTUGA_PUNTA_SUR,27.4298833333333,-111.862523333333,6.22579813472432,23.6954717096794,18.9973295454545,28.7067074730495
27.875 247.375,TRINIDAD,27.775541,-112.704351,13.5351080740068,22.6945662968185,17.9566019061584,28.0953992325964
27.875 248.625,SAN_PEDRO_NOLASCO,27.953795,-111.365698,8.80914770205988,23.706412063998,18.7517741935484,28.9459492051891
27.875 248.875,BAJO_JOMA,27.927945,-111.052126,9.27053315997613,23.7656549990805,18.7963288123167,29.0088525488763
28.375 247.125,AG_SAN_FRANCISQUITO,28.438885,-112.859968,7.25423528860351,22.0495451480414,17.3104765395894,27.5731627991961
28.375 247.625,SAN_PEDRO_MARTIR_PUNTA_NORTE,28.388724,-112.314769,6.08675501394497,22.8027438239441,17.6958797653959,28.4935081308241
28.375 247.625,SAN_PEDRO_MARTIR_PINACULOS,28.368832,-112.301944,7.18050956082919,22.8027438239441,17.6958797653959,28.4935081308241
28.375 247.625,SAN_PEDRO_MARTIR_LOBERA_NORTE,28.387808,-112.297151,7.74795524570619,22.8027438239441,17.6958797653959,28.4935081308241
28.375 247.625,SAN_PEDRO_MARTIR_RABIJUNCO,28.38268,-112.29616,7.76020481099985,22.8027438239441,17.6958797653959,28.4935081308241
28.625 247.125,SALSIPUEDES,28.718915,-112.948853,12.6872903657554,22.0673450622203,17.3710978739003,27.5841768682624
28.625 247.125,AG_ANIMAS_LAVADERO,28.698651,-112.904691,8.68689335849122,22.0673450622203,17.3710978739003,27.5841768682624
28.625 247.125,AG_ANIMAS,28.696497,-112.931658,9.68321950879383,22.0673450622203,17.3710978739003,27.5841768682624
28.625 247.375,SAN_ESTEBAN_SUR,28.664925,-112.548377,8.69589807710407,22.4302133267946,17.4701008064516,28.1048108898228
28.625 247.375,SAN_ESTEBAN_NOROESTE,28.721165,-112.6112645,10.7766971854194,22.4302133267946,17.4701008064516,28.1048108898228
28.625 247.625,TURNER,28.715522,-112.291984,12.9194831176554,22.7963225648256,17.5612206744868,28.6042353371094
28.875 246.875,CHOROS,28.839478,-113.246814,12.5034159540155,22.0325678906394,17.5156543255132,27.4466654485657
28.875 246.875,AG_PARTIDA_GILLIGAN,28.891301,-113.044803,8.01584667025594,22.0325678906394,17.5156543255132,27.4466654485657
28.875 246.875,AG_SUSPIRO,28.987659,-113.115138,12.563820364216,22.0325678906394,17.5156543255132,27.4466654485657
28.875 246.875,AG_PARTIDA,28.900188,-113.038225,8.9004696533268,22.0325678906394,17.5156543255132,27.4466654485657
28.875 246.875,TORSON,28.839987,-113.261207,13.824340343054,22.0325678906394,17.5156543255132,27.4466654485657
29.125 246.625,HERRADURA,28.947622,-113.479923,22.2051389309209,22.2618004045853,17.671457111437,27.7163986844509
29.125 246.625,LLAVE,28.998567,-113.521292,19.9955788776799,22.2618004045853,17.671457111437,27.7163986844509
29.125 246.625,PESCADOR,28.935405,-113.382567,21.0948350879126,22.2618004045853,17.671457111437,27.7163986844509
29.125 246.625,DON_JUAN,28.959777,-113.438793,19.3904058834049,22.2618004045853,17.671457111437,27.7163986844509
29.125 246.625,VENTANA,28.990807,-113.495004,18.9395853350003,22.2618004045853,17.671457111437,27.7163986844509
29.125 246.625,CORONADITO,29.096397,-113.530829,15.4691133418942,22.2618004045853,17.671457111437,27.7163986844509
29.125 246.625,AG_CORONADO_MITLAN,29.069818,-113.522121,15.5557868915223,22.2618004045853,17.671457111437,27.7163986844509
29.125 246.625,CORONADO_TIJERETAS,29.037442,-113.489783,14.8056343545972,22.2618004045853,17.671457111437,27.7163986844509
29.125 246.625,RACITO,29.014756,-113.504526,17.570938197501,22.2618004045853,17.671457111437,27.7163986844509
29.125 246.625,CABEZA_CABALLO,28.966373,-113.476939,20.2315519418997,22.2618004045853,17.671457111437,27.7163986844509
29.125 246.625,CORONADO_PUNTA_ESTE,29.074067,-113.502283,13.6018969824796,22.2618004045853,17.671457111437,27.7163986844509
29.125 246.625,GEMELO_FARO,28.956861,-113.476823,21.1549541076127,22.2618004045853,17.671457111437,27.7163986844509
29.125 246.625,QUEMADO,28.951232,-113.426138,19.9514442085151,22.2618004045853,17.671457111437,27.7163986844509
29.125 246.625,PUERTO_DON_JUAN,28.950161,-113.450698,20.787457331173,22.2618004045853,17.671457111437,27.7163986844509
29.125 246.875,AG_ESTANQUE,29.067038,-113.081497,7.70749722936843,22.34528167719,17.7529453812317,27.809219806322
29.125 246.875,AG_PUNTA_ROJA,29.027972,-113.190012,12.502775693022,22.34528167719,17.7529453812317,27.809219806322
29.375 246.375,CANTILES_GUADALUPE,29.197441,-113.638887,19.7895420824162,22.5116716728989,17.7338892961877,28.0791211401425
29.375 246.375,ALCATRAZ,29.168623,-113.607147,23.0133192712383,22.5116716728989,17.7338892961877,28.0791211401425
29.375 246.625,AG_MACHOS,29.283891,-113.497768,15.6293341322067,22.5164868509777,17.8052181085044,28.042727937146
29.375 246.875,PUNTA_DIABLO_ANGEL_GUARDA,29.289891,-113.186531,11.1865799155478,22.6532415864648,17.9380626832845,28.1808587611913
29.625 246.375,AG_REFUGIO_NORTE,29.555553,-113.560319,9.93712549611599,22.7636719181021,17.9606158357771,28.328498081491
29.625 246.375,AG_REFUGIO_SUR,29.551174,-113.523539,12.7921784411904,22.7636719181021,17.9606158357771,28.328498081491
