month,mhw_days,mhw_fraction,event_count,max_sst,mean_sst,max_intensity,mean_intensity,cumulative_intensity
1981-09,0,0,0,29.889,28.862,0,0,0
1981-10,0,0,0,28.422,27.089,0,0,0
1981-11,0,0,0,25.597,24.596,0,0,0
1981-12,0,0,0,22.618,21.767,0,0,0
1982-01,0,0,0,20.92,19.526,0,0,0
1982-02,0,0,0,19.413,18.762,0,0,0
1982-03,0,0,0,20.248,19.375,0,0,0
1982-04,0,0,0,21.631,20.316,0,0,0
1982-05,0,0,0,23.331,22.214,0,0,0
1982-06,0,0,0,25.493,23.746,0,0,0
1982-07,0,0,0,27.948,26.662,0,0,0
1982-08,0,0,0,29.45,28.751,0,0,0
1982-09,0,0,0,29.756,29.06,0,0,0
1982-10,0,0,0,28.021,27.353,0,0,0
1982-11,0,0,0,26.582,25.22,0,0,0
1982-12,15,0.4839,0,24.599,23.472,0.553,0.297,4.452
1983-01,28,0.9032,0,22.461,22.06,0.983,0.465,13.01
1983-02,23,0.8214,0,22.235,21.635,0.904,0.407,9.351
1983-03,7,0.2258,0,21.971,21.223,0.554,0.219,1.53
1983-04,0,0,0,22.848,21.815,0,0,0
1983-05,0,0,0,25.029,23.517,0,0,0
1983-06,0,0,0,27.704,26.1,0.226,0,0
1983-07,0,0,0,30.131,28.478,0.344,0,0
1983-08,0,0,0,30.079,29.77,0.188,0,0
1983-09,0,0,0,30.187,29.458,0,0,0
1983-10,4,0.129,0,30.05,28.423,0.46,0.222,0.889
1983-11,7,0.2333,0,28.142,26.184,0.416,0.192,1.343
1983-12,0,0,0,24.064,23.048,0.06,0,0
1984-01,7,0.2258,0,22.274,21.499,0.511,0.394,2.755
1984-02,6,0.2069,0,21.791,20.762,0.48,0.29,1.743
1984-03,0,0,0,21.743,21.051,0.448,0,0
1984-04,0,0,0,22.104,21.561,0,0,0
1984-05,0,0,0,24.481,23.274,0,0,0
1984-06,0,0,0,27.376,25.406,0,0,0
1984-07,0,0,0,29.371,27.65,0,0,0
1984-08,7,0.2258,0,30.618,30.048,0.591,0.414,2.898
1984-09,0,0,0,30.006,29.006,0,0,0
1984-10,0,0,0,28.666,27.585,0,0,0
1984-11,0,0,0,26.007,24.673,0,0,0
1984-12,0,0,0,22.318,21.327,0,0,0
1985-01,0,0,0,21.16,19.573,0,0,0
1985-02,0,0,0,19.006,18.66,0,0,0
1985-03,0,0,0,19.773,18.809,0,0,0
1985-04,0,0,0,21.277,20.553,0,0,0
1985-05,0,0,0,24.234,22.527,0,0,0
1985-06,0,0,0,26.431,24.862,0,0,0
1985-07,0,0,0,28.172,27.279,0,0,0
1985-08,0,0,0,29.971,28.732,0,0,0
1985-09,0,0,0,29.611,29.189,0,0,0
1985-10,0,0,0,29.346,28.052,0,0,0
1985-11,0,0,0,26.831,25.104,0,0,0
1985-12,0,0,0,22.845,21.398,0,0,0
1986-01,0,0,0,20.458,19.984,0,0,0
1986-02,0,0,0,21.202,20.051,0,0,0
1986-03,0,0,0,21.362,20.534,0.029,0,0
1986-04,0,0,0,22.657,21.339,0,0,0
1986-05,0,0,0,24.56,23.701,0.126,0,0
1986-06,0,0,0,26.51,24.434,0,0,0
1986-07,0,0,0,28.116,27.439,0,0,0
1986-08,0,0,0,29.665,28.754,0,0,0
1986-09,0,0,0,29.227,28.602,0,0,0
1986-10,0,0,0,27.985,27.141,0,0,0
1986-11,0,0,0,26.288,24.713,0,0,0
1986-12,0,0,0,23.807,21.901,0,0,0
1987-01,0,0,0,20.305,19.894,0,0,0
1987-02,0,0,0,19.94,19.573,0,0,0
1987-03,0,0,0,20.849,19.814,0,0,0
1987-04,0,0,0,22.623,21.25,0,0,0
1987-05,0,0,0,23.713,23.176,0,0,0
1987-06,0,0,0,26.574,25.097,0,0,0
1987-07,0,0,0,28.948,27.938,0,0,0
1987-08,0,0,0,30.162,29.304,0,0,0
1987-09,0,0,0,30.464,29.712,0.08,0,0
1987-10,4,0.129,0,29.481,28.729,0.477,0.294,1.176
1987-11,11,0.3667,0,28.199,26.113,0.609,0.444,4.887
1987-12,0,0,0,23.964,22.103,0,0,0
1988-01,0,0,0,20.075,19.255,0,0,0
1988-02,0,0,0,19.542,18.863,0,0,0
1988-03,0,0,0,20.72,19.343,0,0,0
1988-04,0,0,0,22.005,21.073,0,0,0
1988-05,0,0,0,23.612,22.393,0,0,0
1988-06,0,0,0,25.685,24.683,0,0,0
1988-07,0,0,0,28.697,27.142,0,0,0
1988-08,0,0,0,29.366,28.475,0,0,0
1988-09,0,0,0,29.445,28.586,0,0,0
1988-10,0,0,0,28.996,27.873,0,0,0
1988-11,0,0,0,26.262,24.274,0,0,0
1988-12,0,0,0,21.881,20.429,0,0,0
1989-01,0,0,0,18.628,18.012,0,0,0
1989-02,0,0,0,19.071,18.062,0,0,0
1989-03,0,0,0,20.187,19.333,0,0,0
1989-04,7,0.2333,0,23.16,22.042,0.347,0.174,1.219
1989-05,0,0,0,24.393,23.558,0,0,0
1989-06,0,0,0,26.144,25.28,0,0,0
1989-07,0,0,0,29.041,27.794,0,0,0
1989-08,0,0,0,29.383,28.612,0,0,0
1989-09,0,0,0,29.302,28.828,0,0,0
1989-10,0,0,0,28.497,27.651,0,0,0
1989-11,0,0,0,26.415,25.083,0,0,0
1989-12,0,0,0,22.925,21.954,0,0,0
1990-01,0,0,0,20.739,19.596,0,0,0
1990-02,0,0,0,19.378,18.363,0,0,0
1990-03,0,0,0,20.507,19.939,0,0,0
1990-04,0,0,0,22.948,21.738,0.185,0,0
1990-05,0,0,0,25.196,23.739,0,0,0
1990-06,12,0.4,0,27.418,26.654,0.502,0.255,3.057
1990-07,0,0,0,29.526,28.365,0,0,0
1990-08,0,0,0,30.111,29.477,0,0,0
1990-09,0,0,0,30.108,29.498,0,0,0
1990-10,0,0,0,28.888,28.096,0,0,0
1990-11,0,0,0,27.385,25.634,0,0,0
1990-12,0,0,0,24.275,21.956,0,0,0
1991-01,0,0,0,20.494,19.976,0,0,0
1991-02,0,0,0,20.929,20.014,0,0,0
1991-03,0,0,0,20.59,19.833,0,0,0
1991-04,0,0,0,21.569,20.455,0,0,0
1991-05,0,0,0,23.844,22.789,0,0,0
1991-06,0,0,0,26.424,25.213,0,0,0
1991-07,0,0,0,29.046,27.362,0,0,0
1991-08,0,0,0,29.55,28.892,0,0,0
1991-09,0,0,0,29.867,28.986,0,0,0
1991-10,0,0,0,29.451,28.269,0.017,0,0
1991-11,0,0,0,26.334,24.986,0,0,0
1991-12,0,0,0,23.11,22.053,0,0,0
1992-01,0,0,0,21.289,20.801,0,0,0
1992-02,14,0.4828,0,21.895,21.326,0.619,0.293,4.101
1992-03,20,0.6452,0,21.997,21.502,0.512,0.346,6.92
1992-04,24,0.8,0,24.523,22.753,1.125,0.402,9.659
1992-05,28,0.9032,0,25.974,25.25,1.234,0.777,21.751
1992-06,5,0.1667,0,27.577,26.479,0.382,0.247,1.235
1992-07,0,0,0,29.318,28.538,0.021,0,0
1992-08,0,0,0,30.19,29.488,0,0,0
1992-09,0,0,0,29.518,29.033,0,0,0
1992-10,13,0.4194,0,29.258,28.687,0.559,0.188,2.444
1992-11,0,0,0,27.192,25.746,0,0,0
1992-12,0,0,0,23.853,22.311,0,0,0
1993-01,0,0,0,20.853,20.331,0,0,0
1993-02,0,0,0,20.244,19.91,0,0,0
1993-03,0,0,0,21.621,20.716,0.103,0,0
1993-04,0,0,0,23.252,21.86,0.154,0,0
1993-05,0,0,0,25.287,23.633,0,0,0
1993-06,0,0,0,27.473,26.312,0,0,0
1993-07,0,0,0,28.814,27.677,0,0,0
1993-08,0,0,0,29.217,28.8,0,0,0
1993-09,0,0,0,29.386,28.623,0,0,0
1993-10,0,0,0,29.229,28.19,0.059,0,0
1993-11,0,0,0,26.954,25.223,0,0,0
1993-12,0,0,0,23.629,22.225,0,0,0
1994-01,0,0,0,21.025,20.366,0,0,0
1994-02,0,0,0,19.644,19.27,0,0,0
1994-03,0,0,0,20.675,19.973,0,0,0
1994-04,0,0,0,22.71,21.762,0,0,0
1994-05,0,0,0,24.527,23.315,0,0,0
1994-06,0,0,0,27.2,25.594,0,0,0
1994-07,0,0,0,29.19,28.151,0,0,0
1994-08,0,0,0,29.786,29.192,0,0,0
1994-09,0,0,0,29.669,29.161,0,0,0
1994-10,0,0,0,29.495,27.834,0,0,0
1994-11,0,0,0,26.812,25.217,0,0,0
1994-12,0,0,0,23.724,21.869,0,0,0
1995-01,0,0,0,20.781,20.368,0,0,0
1995-02,0,0,0,20.824,20.158,0,0,0
1995-03,0,0,0,21.184,20.82,0,0,0
1995-04,0,0,0,22.33,21.108,0,0,0
1995-05,0,0,0,24.208,22.888,0,0,0
1995-06,0,0,0,26.433,25.182,0,0,0
1995-07,0,0,0,29.054,27.815,0,0,0
1995-08,0,0,0,30.135,29.102,0,0,0
1995-09,0,0,0,29.662,29.296,0,0,0
1995-10,0,0,0,29.403,28.348,0,0,0
1995-11,0,0,0,26.8,25.677,0.051,0,0
1995-12,5,0.1613,0,24.705,22.934,0.335,0.213,1.066
1996-01,0,0,0,21.133,20.561,0,0,0
1996-02,0,0,0,21.338,20.848,0.028,0,0
1996-03,0,0,0,22.019,20.654,0.365,0,0
1996-04,5,0.1667,0,23.949,22.314,0.776,0.392,1.962
1996-05,15,0.4839,0,25.094,24.507,0.733,0.39,5.856
1996-06,0,0,0,25.82,25.262,0,0,0
1996-07,0,0,0,29.353,27.381,0,0,0
1996-08,0,0,0,29.848,28.994,0,0,0
1996-09,0,0,0,29.43,28.539,0,0,0
1996-10,0,0,0,28.966,27.763,0,0,0
1996-11,0,0,0,26.304,24.865,0,0,0
1996-12,0,0,0,23.795,22.097,0,0,0
1997-01,0,0,0,21.016,19.982,0,0,0
1997-02,0,0,0,19.537,18.978,0,0,0
1997-03,0,0,0,21.03,20.217,0,0,0
1997-04,0,0,0,22.219,21.054,0,0,0
1997-05,3,0.0968,0,25.918,24.062,0.347,0.162,0.487
1997-06,3,0.1,0,27.698,26.054,0.414,0.361,1.083
1997-07,3,0.0968,0,30.475,28.857,0.639,0.475,1.425
1997-08,28,0.9032,0,30.81,30.507,0.894,0.261,7.297
1997-09,6,0.2,0,30.551,30.099,0.362,0.181,1.089
1997-10,15,0.4839,0,30.243,28.984,0.627,0.359,5.382
1997-11,8,0.2667,0,26.973,26.062,0.387,0.178,1.422
1997-12,28,0.9032,0,25.4,23.904,0.856,0.441,12.351
1998-01,31,1,0,23.186,22.497,1.204,0.805,24.964
1998-02,23,0.8214,0,22.29,21.744,0.976,0.558,12.844
1998-03,13,0.4194,0,22.023,21.372,0.585,0.269,3.491
1998-04,0,0,0,23.227,21.982,0.202,0,0
1998-05,0,0,0,24.811,24.104,0,0,0
1998-06,11,0.3667,0,28.507,26.67,0.876,0.429,4.722
1998-07,13,0.4194,0,30.306,28.996,0.778,0.327,4.257
1998-08,3,0.0968,0,30.682,30.135,0.254,0.042,0.127
1998-09,13,0.4333,0,30.903,29.871,0.567,0.219,2.849
1998-10,0,0,0,29.363,28.244,0.115,0,0
1998-11,0,0,0,27.525,25.117,0,0,0
1998-12,0,0,0,23.931,21.548,0,0,0
1999-01,0,0,0,21.032,19.867,0,0,0
1999-02,0,0,0,19.786,19.2,0,0,0
1999-03,0,0,0,20.282,19.76,0,0,0
1999-04,0,0,0,21.752,20.356,0,0,0
1999-05,0,0,0,24.623,23.492,0,0,0
1999-06,0,0,0,27.249,25.977,0,0,0
1999-07,0,0,0,30.025,28.016,0.336,0,0
1999-08,0,0,0,29.892,28.983,0,0,0
1999-09,0,0,0,30.082,29.016,0,0,0
1999-10,0,0,0,28.72,27.713,0,0,0
1999-11,0,0,0,26.059,24.798,0,0,0
1999-12,0,0,0,23.34,21.825,0,0,0
2000-01,0,0,0,19.937,19.401,0,0,0
2000-02,0,0,0,20.149,19.574,0,0,0
2000-03,0,0,0,20.785,20.2,0,0,0
2000-04,0,0,0,22.431,21.703,0,0,0
2000-05,0,0,0,24.533,23.527,0,0,0
2000-06,0,0,0,27.734,26.442,0.187,0,0
2000-07,0,0,0,29.841,28.133,0.06,0,0
2000-08,5,0.1613,0,31.09,30.128,0.663,0.473,2.365
2000-09,0,0,0,30.448,29.032,0.06,0,0
2000-10,9,0.2903,0,29.328,28.609,0.492,0.283,2.545
2000-11,0,0,0,26.669,24.925,0,0,0
2000-12,0,0,0,22.509,21.813,0,0,0
2001-01,0,0,0,20.417,19.863,0,0,0
2001-02,0,0,0,19.388,19.114,0,0,0
2001-03,0,0,0,19.893,18.713,0,0,0
2001-04,0,0,0,22.658,20.525,0,0,0
2001-05,0,0,0,23.934,23.064,0,0,0
2001-06,6,0.2,0,28.508,25.699,0.507,0.315,1.888
2001-07,11,0.3548,0,29.819,28.684,1.285,0.897,9.869
2001-08,0,0,0,29.764,29.096,0,0,0
2001-09,0,0,0,30.072,29.314,0,0,0
2001-10,0,0,0,28.435,27.869,0,0,0
2001-11,16,0.5333,0,27.525,26.294,0.369,0.149,2.38
2001-12,0,0,0,24.739,22.71,0.106,0,0
2002-01,0,0,0,21.798,20.318,0,0,0
2002-02,0,0,0,20.329,19.285,0,0,0
2002-03,0,0,0,20.735,20.107,0,0,0
2002-04,0,0,0,23.246,21.199,0,0,0
2002-05,0,0,0,24.617,23.756,0.12,0,0
2002-06,0,0,0,27.006,25.46,0,0,0
2002-07,0,0,0,29.561,28.081,0,0,0
2002-08,0,0,0,29.995,29.158,0,0,0
2002-09,7,0.2333,0,30.411,29.795,0.191,0.14,0.978
2002-10,9,0.2903,0,29.497,28.628,0.359,0.204,1.835
2002-11,0,0,0,26.838,25.309,0,0,0
2002-12,0,0,0,24.145,22.909,0,0,0
2003-01,0,0,0,21.543,21.12,0.079,0,0
2003-02,11,0.3929,0,21.942,21.023,0.61,0.283,3.112
2003-03,0,0,0,20.906,20.218,0,0,0
2003-04,0,0,0,22.091,21.336,0,0,0
2003-05,0,0,0,24.264,23.611,0,0,0
2003-06,0,0,0,25.927,25.039,0,0,0
2003-07,0,0,0,29.493,27.649,0,0,0
2003-08,0,0,0,30.602,29.897,0.244,0,0
2003-09,6,0.2,0,30.603,29.731,0.437,0.296,1.778
2003-10,0,0,0,29.675,28.133,0.05,0,0
2003-11,0,0,0,27.376,25.161,0,0,0
2003-12,0,0,0,23.803,21.742,0,0,0
2004-01,0,0,0,21.168,20.707,0,0,0
2004-02,0,0,0,20.626,19.628,0,0,0
2004-03,0,0,0,21.745,20.583,0.168,0,0
2004-04,0,0,0,22.483,21.458,0,0,0
2004-05,7,0.2258,0,25.839,24.449,0.34,0.217,1.517
2004-06,0,0,0,27.761,26.298,0,0,0
2004-07,0,0,0,29.506,28.66,0.209,0,0
2004-08,15,0.4839,0,30.946,30.346,0.584,0.275,4.124
2004-09,6,0.2,0,30.519,29.76,0.214,0.101,0.607
2004-10,0,0,0,29.553,28.519,0.019,0,0
2004-11,0,0,0,26.926,24.921,0,0,0
2004-12,0,0,0,22.717,21.603,0,0,0
2005-01,0,0,0,21.102,20.503,0,0,0
2005-02,0,0,0,20.716,20.27,0,0,0
2005-03,0,0,0,21.223,20.584,0,0,0
2005-04,0,0,0,22.502,21.29,0,0,0
2005-05,0,0,0,24.973,23.997,0.003,0,0
2005-06,0,0,0,26.793,25.393,0,0,0
2005-07,0,0,0,28.656,27.728,0,0,0
2005-08,0,0,0,30.763,29.787,0.35,0,0
2005-09,21,0.7,0,31.149,30.426,1.035,0.411,8.635
2005-10,0,0,0,29.641,28.195,0,0,0
2005-11,0,0,0,26.159,24.434,0,0,0
2005-12,0,0,0,22.534,20.98,0,0,0
2006-01,0,0,0,20.962,19.737,0,0,0
2006-02,0,0,0,19.79,19.205,0,0,0
2006-03,0,0,0,20.377,19.627,0,0,0
2006-04,0,0,0,22.069,21.272,0,0,0
2006-05,7,0.2258,0,25.931,23.761,0.525,0.316,2.215
2006-06,19,0.6333,0,29.103,27.07,1.102,0.452,8.586
2006-07,31,1,0,30.559,29.901,1.351,0.887,27.506
2006-08,28,0.9032,0,31.252,30.541,0.827,0.289,8.1
2006-09,2,0.0667,0,30.842,29.731,0.423,0.387,0.773
2006-10,0,0,0,29.598,28.544,0.166,0,0
2006-11,13,0.4333,0,27.539,26.174,0.466,0.213,2.774
2006-12,2,0.0645,0,25.014,23.339,0.269,0.192,0.383
2007-01,0,0,0,22.004,20.409,0,0,0
2007-02,0,0,0,20.859,20.081,0,0,0
2007-03,0,0,0,21.086,20.108,0,0,0
2007-04,0,0,0,21.854,21.175,0,0,0
2007-05,0,0,0,24.883,23.334,0,0,0
2007-06,0,0,0,25.577,24.711,0,0,0
2007-07,0,0,0,28.698,27.046,0,0,0
2007-08,0,0,0,29.621,29.05,0,0,0
2007-09,0,0,0,29.581,28.7,0,0,0
2007-10,0,0,0,29.321,27.84,0,0,0
2007-11,0,0,0,26.971,25.338,0,0,0
2007-12,0,0,0,23.245,21.557,0,0,0
2008-01,0,0,0,19.779,18.695,0,0,0
2008-02,0,0,0,19.094,18.452,0,0,0
2008-03,0,0,0,20.556,19.167,0,0,0
2008-04,0,0,0,22.491,21.306,0,0,0
2008-05,0,0,0,24.062,22.877,0,0,0
2008-06,0,0,0,26.752,25.05,0,0,0
2008-07,0,0,0,29.113,27.558,0,0,0
2008-08,5,0.1613,0,30.654,29.809,0.236,0.115,0.573
2008-09,8,0.2667,0,30.791,29.907,0.934,0.479,3.831
2008-10,11,0.3548,0,30.705,28.937,0.884,0.458,5.043
2008-11,0,0,0,27.651,25.549,0,0,0
2008-12,0,0,0,24.602,22.894,0.273,0,0
2009-01,0,0,0,20.884,20.291,0,0,0
2009-02,0,0,0,21.342,20.56,0.034,0,0
2009-03,5,0.1613,0,21.791,21.043,0.395,0.189,0.943
2009-04,0,0,0,22.076,21.444,0,0,0
2009-05,8,0.2581,0,25.586,24.114,0.522,0.38,3.037
2009-06,13,0.4333,0,27.369,26.358,1.142,0.683,8.877
2009-07,0,0,0,29.551,28.168,0,0,0
2009-08,0,0,0,30.606,29.67,0.179,0,0
2009-09,5,0.1667,0,30.342,29.688,0.382,0.237,1.183
2009-10,0,0,0,29.575,28.564,0.347,0,0
2009-11,5,0.1667,0,26.823,25.963,0.246,0.148,0.741
2009-12,9,0.2903,0,24.461,23.323,0.321,0.233,2.096
2010-01,9,0.2903,0,22.487,21.649,0.352,0.222,1.999
2010-02,3,0.1071,0,21.555,21.008,0.263,0.193,0.579
2010-03,6,0.1935,0,21.571,21.083,0.315,0.221,1.326
2010-04,14,0.4667,0,23.344,22.477,0.701,0.404,5.652
2010-05,0,0,0,25.38,23.924,0,0,0
2010-06,0,0,0,27.144,25.911,0,0,0
2010-07,0,0,0,28.156,27.305,0,0,0
2010-08,0,0,0,29.807,28.596,0,0,0
2010-09,0,0,0,29.822,28.302,0,0,0
2010-10,0,0,0,28.987,27.393,0,0,0
2010-11,0,0,0,26.114,24.416,0,0,0
2010-12,0,0,0,21.971,21.304,0,0,0
2011-01,0,0,0,20.115,19.255,0,0,0
2011-02,0,0,0,19.241,18.485,0,0,0
2011-03,0,0,0,20.575,19.275,0,0,0
2011-04,0,0,0,22.614,20.908,0,0,0
2011-05,0,0,0,24.825,23.285,0,0,0
2011-06,0,0,0,27.694,26.2,0,0,0
2011-07,9,0.2903,0,29.889,28.681,0.875,0.372,3.351
2011-08,5,0.1613,0,30.507,29.969,0.621,0.393,1.966
2011-09,1,0.0333,0,30.324,29.846,0.183,0.045,0.045
2011-10,18,0.5806,0,29.916,28.999,0.653,0.25,4.505
2011-11,0,0,0,27.428,25.215,0,0,0
2011-12,0,0,0,23.291,21.579,0,0,0
2012-01,0,0,0,21.052,20.131,0,0,0
2012-02,0,0,0,20.334,19.559,0,0,0
2012-03,0,0,0,20.897,19.472,0,0,0
2012-04,0,0,0,22.562,20.98,0,0,0
2012-05,0,0,0,24.536,23.459,0.123,0,0
2012-06,0,0,0,27.521,25.285,0,0,0
2012-07,7,0.2258,0,30.225,28.426,0.536,0.267,1.872
2012-08,0,0,0,30.477,29.719,0.049,0,0
2012-09,15,0.5,0,31.126,30.342,0.961,0.558,8.363
2012-10,14,0.4516,0,30.449,29.034,0.796,0.519,7.263
2012-11,0,0,0,26.959,25.465,0,0,0
2012-12,0,0,0,24.399,23.226,0,0,0
2013-01,0,0,0,21.697,20.124,0,0,0
2013-02,0,0,0,19.394,18.906,0,0,0
2013-03,0,0,0,21.225,19.42,0,0,0
2013-04,0,0,0,22.355,21.521,0.453,0,0
2013-05,0,0,0,24.73,23.398,0,0,0
2013-06,0,0,0,27.653,26.215,0.242,0,0
2013-07,13,0.4194,0,30.264,29.122,1.257,0.599,7.791
2013-08,0,0,0,29.635,29.183,0,0,0
2013-09,0,0,0,30.29,29.25,0.062,0,0
2013-10,4,0.129,0,28.9,28.391,0.409,0.307,1.229
2013-11,3,0.1,0,28.021,25.793,0.36,0.238,0.715
2013-12,0,0,0,23.426,21.91,0,0,0
2014-01,0,0,0,21.772,20.816,0,0,0
2014-02,0,0,0,21.334,20.685,0.002,0,0
2014-03,17,0.5484,0,21.934,21.444,0.522,0.302,5.127
2014-04,21,0.7,0,24.08,22.566,1.054,0.441,9.259
2014-05,25,0.8065,0,26.858,25.22,1.855,0.855,21.364
2014-06,30,1,0,29.034,27.883,1.659,1.035,31.047
2014-07,23,0.7419,0,30.588,29.662,1.488,0.917,21.101
2014-08,11,0.3548,0,30.76,30.304,0.743,0.399,4.388
2014-09,9,0.3,0,30.776,29.96,0.489,0.291,2.62
2014-10,3,0.0968,0,29.684,28.484,0.459,0.283,0.849
2014-11,30,1,0,28.425,26.769,0.931,0.477,14.301
2014-12,5,0.1613,0,24.834,23.115,0.171,0.095,0.477
2015-01,0,0,0,21.805,20.926,0,0,0
2015-02,23,0.8214,0,22.467,21.751,1.141,0.599,13.771
2015-03,27,0.871,0,23.218,22.172,1.567,0.945,25.503
2015-04,30,1,0,24.095,23.504,1.984,1.057,31.721
2015-05,12,0.3871,0,26.788,24.627,1.147,0.587,7.042
2015-06,30,1,0,29.098,27.715,1.827,0.867,26.004
2015-07,31,1,0,30.306,29.485,1.353,0.477,14.772
2015-08,28,0.9032,0,31.76,30.742,1.332,0.517,14.479
2015-09,30,1,0,31.439,31.036,1.342,0.822,24.673
2015-10,31,1,0,31.002,29.594,1.187,0.627,19.447
2015-11,30,1,0,27.968,27.064,1.376,0.772,23.168
2015-12,31,1,0,25.483,24.163,1.225,0.65,20.163
2016-01,31,1,0,22.394,21.977,0.546,0.288,8.915
2016-02,24,0.8276,0,22.468,21.715,1.139,0.496,11.901
2016-03,28,0.9032,0,22.92,22.148,1.663,0.901,25.239
2016-04,22,0.7333,0,23.725,22.668,0.842,0.357,7.863
2016-05,21,0.6774,0,26.228,24.991,1.501,0.645,13.537
2016-06,6,0.2,0,27.742,26.671,0.721,0.542,3.25
2016-07,25,0.8065,0,30.63,29.523,1.237,0.628,15.709
2016-08,8,0.2581,0,30.698,30.099,0.536,0.309,2.469
2016-09,0,0,0,30.586,29.603,0.18,0,0
2016-10,23,0.7419,0,29.737,29.422,1.313,0.742,17.056
2016-11,27,0.9,0,28.95,26.917,1.289,0.748,20.186
2016-12,0,0,0,23.989,22.723,0,0,0
2017-01,0,0,0,21.497,20.474,0,0,0
2017-02,0,0,0,20.721,20.31,0,0,0
2017-03,8,0.2581,0,22.086,20.952,0.707,0.524,4.192
2017-04,0,0,0,23.143,22.105,0.361,0,0
2017-05,0,0,0,24.738,23.617,0,0,0
2017-06,0,0,0,27.084,25.609,0,0,0
2017-07,24,0.7742,0,30.429,29.256,0.758,0.407,9.766
2017-08,17,0.5484,0,31.159,30.55,0.86,0.509,8.647
2017-09,0,0,0,29.974,29.452,0,0,0
2017-10,14,0.4516,0,29.836,28.903,0.329,0.135,1.89
2017-11,13,0.4333,0,28.116,26.416,0.673,0.433,5.624
2017-12,7,0.2258,0,25.33,23.189,0.823,0.552,3.864
2018-01,6,0.1935,0,22.217,21.25,0.292,0.188,1.128
2018-02,0,0,0,20.932,20.664,0,0,0
2018-03,0,0,0,21.005,20.132,0,0,0
2018-04,0,0,0,22.512,21.524,0,0,0
2018-05,0,0,0,25.108,23.388,0,0,0
2018-06,7,0.2333,0,27.762,26.756,0.846,0.528,3.697
2018-07,7,0.2258,0,30.035,28.869,0.307,0.133,0.928
2018-08,10,0.3226,0,30.685,30.074,0.454,0.239,2.392
2018-09,12,0.4,0,31.163,30.145,0.787,0.287,3.445
2018-10,0,0,0,29.681,28.167,0,0,0
2018-11,0,0,0,26.715,25.517,0,0,0
2018-12,0,0,0,24.121,22.797,0,0,0
2019-01,0,0,0,21.368,21.014,0,0,0
2019-02,0,0,0,21.483,20.454,0.174,0,0
2019-03,0,0,0,21.707,20.769,0.164,0,0
2019-04,0,0,0,22.821,21.863,0,0,0
2019-05,0,0,0,23.571,23.074,0,0,0
2019-06,0,0,0,27.579,24.923,0,0,0
2019-07,6,0.1935,0,30.077,28.723,0.257,0.164,0.982
2019-08,1,0.0323,0,30.318,29.804,0.123,0.123,0.123
2019-09,0,0,0,30.311,29.684,0.083,0,0
2019-10,0,0,0,29.679,28.378,0.217,0,0
2019-11,3,0.1,0,26.737,25.628,0.145,0.089,0.266
2019-12,3,0.0968,0,24.903,23.379,0.098,0.067,0.201
2020-01,0,0,0,21.723,21.046,0,0,0
2020-02,0,0,0,20.867,20.126,0,0,0
2020-03,0,0,0,21.152,20.706,0,0,0
2020-04,5,0.1667,0,22.758,21.87,0.136,0.083,0.417
2020-05,0,0,0,24.548,23.647,0,0,0
2020-06,0,0,0,27.702,26.02,0.049,0,0
2020-07,11,0.3548,0,29.424,28.74,0.803,0.502,5.518
2020-08,0,0,0,30.054,29.4,0,0,0
2020-09,6,0.2,0,30.454,29.679,0.597,0.296,1.774
2020-10,27,0.871,0,30.638,29.635,1.214,0.881,23.78
2020-11,0,0,0,27.146,25.832,0.047,0,0
2020-12,0,0,0,23.649,22.427,0,0,0
2021-01,0,0,0,20.887,19.763,0,0,0
2021-02,0,0,0,20.58,20.134,0,0,0
2021-03,0,0,0,20.725,20.112,0,0,0
2021-04,0,0,0,23.267,21.956,0.347,0,0
2021-05,19,0.6129,0,25.997,24.639,0.585,0.367,6.972
2021-06,21,0.7,0,27.812,27.098,1.031,0.513,10.767
2021-07,5,0.1613,0,30.162,28.809,0.326,0.299,1.494
2021-08,30,0.9677,0,31.023,30.574,0.652,0.29,8.693
2021-09,12,0.4,0,30.549,30.024,0.392,0.169,2.027
2021-10,20,0.6452,0,30.293,29.197,0.77,0.373,7.469
2021-11,8,0.2667,0,27.792,26.148,0.17,0.098,0.782
2021-12,26,0.8387,0,24.802,23.764,0.752,0.33,8.586
2022-01,3,0.0968,0,22.841,21.071,0.522,0.333,0.999
2022-02,0,0,0,20.599,19.936,0,0,0
2022-03,0,0,0,20.941,20.247,0,0,0
2022-04,0,0,0,22.188,21.35,0,0,0
2022-05,0,0,0,24.485,23.516,0,0,0
2022-06,0,0,0,27.532,25.81,0.062,0,0
2022-07,0,0,0,29.331,28.409,0,0,0
2022-08,0,0,0,29.957,29.635,0,0,0
2022-09,0,0,0,30.289,29.464,0,0,0
2022-10,10,0.3226,0,29.717,28.832,0.283,0.192,1.918
2022-11,0,0,0,27.314,25.668,0,0,0
2022-12,0,0,0,24.096,22.615,0,0,0
2023-01,0,0,0,21.705,20.613,0,0,0
2023-02,0,0,0,20.458,19.441,0,0,0
2023-03,0,0,0,21.36,20.519,0.04,0,0
2023-04,0,0,0,22.774,21.361,0,0,0
2023-05,0,0,0,25.24,23.476,0,0,0
2023-06,0,0,0,27.159,26.048,0.162,0,0
2023-07,11,0.3548,0,29.778,28.802,0.731,0.372,4.091
2023-08,13,0.4194,0,30.931,30.116,0.567,0.34,4.416
2023-09,8,0.2667,0,30.67,29.762,0.679,0.527,4.218
2023-10,21,0.6774,0,30.121,29.059,0.605,0.256,5.37
2023-11,5,0.1667,0,27.249,26.099,0.315,0.2,0.999
2023-12,14,0.4516,0,24.391,23.423,0.672,0.337,4.722
2024-01,18,0.5806,0,22.554,21.708,0.571,0.269,4.849
2024-02,11,0.3793,0,21.787,21.342,0.479,0.258,2.834
2024-03,22,0.7097,0,22.023,21.511,0.606,0.284,6.24
2024-04,0,0,0,22.907,22.007,0.063,0,0
2024-05,14,0.4516,0,26.544,24.626,0.903,0.635,8.889
2024-06,9,0.3,0,26.972,26.381,0.917,0.752,6.772
2024-07,2,0.0645,0,30.005,28.246,0.169,0.147,0.295
2024-08,9,0.2903,0,30.356,30.07,0.323,0.228,2.05
2024-09,7,0.2333,0,30.867,29.979,0.547,0.331,2.319
2024-10,6,0.1935,0,30.033,28.867,0.327,0.225,1.35
2024-11,0,0,0,27.371,25.113,0,0,0
2024-12,0,0,0,23.227,21.876,0,0,0
2025-01,0,0,0,21.512,19.999,0,0,0
2025-02,0,0,0,20.061,19.736,0,0,0
2025-03,0,0,0,21.074,19.681,0,0,0
2025-04,8,0.2667,0,23.097,22.048,0.455,0.288,2.306
2025-05,0,0,0,25.428,24.109,0.144,0,0
2025-06,8,0.2667,0,28.636,26.553,0.635,0.316,2.527
2025-07,24,0.7742,0,29.541,29.121,0.662,0.213,5.113
2025-08,0,0,0,30.663,30.013,0.256,0,0
2025-09,22,0.7333,0,30.796,30.328,0.476,0.282,6.198
2025-10,31,1,0,30.305,29.538,1.091,0.57,17.655
2025-11,30,1,0,27.848,26.842,1.122,0.551,16.516
2025-12,31,1,0,25.199,24.162,1.32,0.649,20.121
2026-01,27,0.871,0,23.037,22.076,0.979,0.449,12.133
2026-02,24,0.8571,0,21.992,21.595,0.684,0.355,8.51
2026-03,31,1,0,23.48,22.63,1.826,1.269,39.349
2026-04,30,1,0,25.076,24.472,2.773,2.025,60.759
